AccID,Name,DiscAccUsername,Email
0,Thomas,mspapuo,bwoxzlf@gmail.com
1,Edwin,asvurni,iqcnefy@gmail.com
2,Susan,jzuklpv,xqouioe@gmail.com
3,Louis,rkeexzx,xoowsoc@gmail.com
4,Maria,yposgwy,piclqvo@gmail.com
5,Richard,egyiwwc,gscgitc@gmail.com
6,Glory,fxfjpjf,lzkddaq@gmail.com
7,Robert,advilhj,ykmjrtw@gmail.com
8,Eleanor,hpxtcin,tfojufx@gmail.com
9,Larry,cvsqgxd,xachqbk@gmail.com
10,Alejandra,treumvy,tyqzjns@gmail.com
11,Jonathan,zqpxttq,esahcdl@gmail.com
12,Merlene,vvztowt,iwectcj@gmail.com
13,Brett,duxlfah,aylxtgk@gmail.com
14,Aaron,lurepqj,hgiteim@gmail.com
15,Karole,whousme,ekoadnl@gmail.com
16,Julian,edrwnpx,vigumey@gmail.com
17,Rose,drkfvcy,ouutupi@gmail.com
18,Linda,gkbqlsx,rrywgeh@gmail.com
19,Robert,mxvapxq,lsngqay@gmail.com
20,Bobby,ftjojff,eutbfwr@gmail.com
21,Helen,luktgka,mejtiub@gmail.com
22,Bruce,jfriwqu,opgutgb@gmail.com
23,Vincent,oodszcu,lnseaex@gmail.com
24,Edna,vozrcvv,ipgqlrd@gmail.com
25,Gonzalo,oaasuvx,odqmeuy@gmail.com
26,Thomas,npaddhp,jhoxzkt@gmail.com
27,Jeffrey,jvgmdnz,xeiwcjb@gmail.com
28,Mary,uddxxeq,zxdczje@gmail.com
29,Malika,wtfgniu,ursmowd@gmail.com
30,Bradley,jxkcgon,xrjwsis@gmail.com
31,Clyde,cwvzmgw,akvfuqy@gmail.com
32,Norma,ymnxrvm,qkiaqjh@gmail.com
33,Zora,yfgrdjp,bdeiekt@gmail.com
34,Allen,wihonuu,banwmll@gmail.com
35,Blanche,wifwjrg,fubwxjg@gmail.com
36,Peter,czqowns,ydlbpgx@gmail.com
37,Donald,wwhkzoc,ohxnmdo@gmail.com
38,William,buxnwij,wbqjirg@gmail.com
39,Rick,vtuouwn,spsljfb@gmail.com
40,John,qxaactp,ydldijf@gmail.com
41,Norberto,jlnaqcu,nkwafbx@gmail.com
42,Jeffery,lziduvw,gjkkyrm@gmail.com
43,Elvira,ycamsbr,vnvpufc@gmail.com
44,Andy,najuvit,uxuvpwg@gmail.com
45,Ruth,hogdhhb,cxhpkxn@gmail.com
46,Michael,jubinaw,mjbuzow@gmail.com
47,Christopher,vsuyloz,rgrhccp@gmail.com
48,Claudia,uuwcrvm,rbiocbw@gmail.com
49,Christopher,uyvflwd,zkuuqfa@gmail.com
50,Leroy,ovtpjik,awnbpqf@gmail.com
51,Bruce,nqbhazw,weqvmhg@gmail.com
52,Doris,iwbiznt,hidzrah@gmail.com
53,Elizabeth,sxteyps,lizeutk@gmail.com
54,George,npkwpex,qckzhpu@gmail.com
55,Christopher,dacqvdm,okwpvtb@gmail.com
56,Harry,kyctkbx,xtmbtpl@gmail.com
57,Joni,mxxotgz,bavftje@gmail.com
58,Kevin,rejhihr,lxftyoe@gmail.com
59,Rebecca,jtiiarh,lcttehx@gmail.com
60,Mildred,fgplnlb,qgzzfbu@gmail.com
61,Norma,hjlushf,fdqonca@gmail.com
62,Jeffrey,sxqejbb,cbjjffq@gmail.com
63,Charles,mzcztuy,cdzttfr@gmail.com
64,Pauline,llnzqak,towjyzw@gmail.com
65,Robert,ulsdswb,sjhcxym@gmail.com
66,Tonie,ncdsykq,vuywbrb@gmail.com
67,Chelsea,weizbuz,qgvikzw@gmail.com
68,Mitchell,vktarjf,ligbpjg@gmail.com
69,Jaime,keyxiwc,qtbatfl@gmail.com
70,Carl,cnmevuq,wfwwigp@gmail.com
71,Albert,ofupbes,hflgrsu@gmail.com
72,Terry,duphujw,cqammco@gmail.com
73,Gene,jzjhksi,uvepdwv@gmail.com
74,Rebecca,brfqkse,jywnscg@gmail.com
75,Alex,gvvkryf,fftqryo@gmail.com
76,Ramon,zwivoxx,fihyghw@gmail.com
77,Sheila,smvfjfc,tiyiuzw@gmail.com
78,Jeffrey,xxllbwa,phqshep@gmail.com
79,Brad,mrgzelq,lprjdlv@gmail.com
80,Diane,bibocdi,pupfywr@gmail.com
81,Maria,ftafjhc,ucouskf@gmail.com
82,Scott,qhqmbwk,fbakprc@gmail.com
83,Katrina,ecwqyfu,jawyjca@gmail.com
84,Jeanette,wparmsh,dwdgosd@gmail.com
85,Evelyn,gybvjgy,raoylwe@gmail.com
86,Marcelina,dnqjiso,fnsfmvi@gmail.com
87,Carla,wqaapcb,vnubuza@gmail.com
88,Nancy,rhwttmh,zsrmbxv@gmail.com
89,Jerry,unqhqvi,yocojpv@gmail.com
90,Darrell,eusnvlc,ddvdoia@gmail.com
91,Glenda,dtmactd,agutxeo@gmail.com
92,Jane,giwhexv,zkxixib@gmail.com
93,Princess,yvyurvz,fcicxtq@gmail.com
94,Ryan,gecjutj,yertpom@gmail.com
95,Hilary,enmkhri,mjzklrr@gmail.com
96,Mattie,fsfkdxm,iduleoe@gmail.com
97,Jennifer,nvkffsi,rdxwtht@gmail.com
98,Jason,oyskfab,rlocyor@gmail.com
99,Jennifer,fvfeszq,nhelefq@gmail.com
100,Donald,hhxdouo,fktvbow@gmail.com
101,John,wkqssdo,nbasumu@gmail.com
102,Donna,pdqjjxo,hygbfnz@gmail.com
103,Renee,wzuwkoe,xqwahqa@gmail.com
104,Thomas,zjcasqo,dyauznj@gmail.com
105,Dorothy,aopbbtx,mkauwcx@gmail.com
106,Rita,wrkqdkc,bzqyqvz@gmail.com
107,Sherry,gtpjdiq,lqgstrb@gmail.com
108,Edith,lmpawnk,phiryqa@gmail.com
109,Betty,xvwtqzg,mkwoebc@gmail.com
110,Jackie,xrkcgar,dasamwx@gmail.com
111,Dana,pkpmnnz,zdnclxu@gmail.com
112,Theodore,inhwdjq,fhmofru@gmail.com
113,Faith,fhxkkio,qdiutun@gmail.com
114,Howard,tkrdafd,mmwwjca@gmail.com
115,Frank,lhiwvis,kevjlkr@gmail.com
116,Rose,drnxmmp,ypinzoh@gmail.com
117,Ann,fegwmiw,xalvarm@gmail.com
118,Sara,rpyleve,vcqxiob@gmail.com
119,Brittany,flefooz,bectyna@gmail.com
120,Kristen,icclclt,pcihykw@gmail.com
121,Alex,tlfegmf,tchenxk@gmail.com
122,Amy,jaegvtu,vdmiikq@gmail.com
123,Jody,owpxtzg,xdavbym@gmail.com
124,Brooke,cmwpbda,qqqddag@gmail.com
125,Michael,cfvfxia,bvbvydb@gmail.com
126,Charles,nckindr,uxikrzc@gmail.com
127,Darlene,ecdxcoz,lgdjgup@gmail.com
128,Marcos,sjqsllf,lkbmdze@gmail.com
129,Adalberto,lrxyftf,phvswve@gmail.com
130,Leonard,qwhekoq,kxizvng@gmail.com
131,Glenn,sbgimvx,ixsiobu@gmail.com
132,Mary,yafwrbw,dfxakpw@gmail.com
133,Grace,wphjfks,ubwawyp@gmail.com
134,Arthur,emezhhe,iioittp@gmail.com
135,Martin,jglorqv,ybilvkl@gmail.com
136,George,yltqjwl,mfjthwb@gmail.com
137,Leona,kbtnygk,xhltftj@gmail.com
138,Jimmy,schfela,vvzceyq@gmail.com
139,Latonya,zzlylfn,sawpirs@gmail.com
140,John,kvihkfa,geygpyt@gmail.com
141,Michael,vovttbq,svuvqcf@gmail.com
142,Dorethea,hypnhkh,siodogk@gmail.com
143,Deborah,lcecykb,vhalusv@gmail.com
144,Christopher,jsubeuw,inlodxd@gmail.com
145,Patricia,nmdmbto,zdzxheh@gmail.com
146,Kathryn,vgmvrse,gnhscvz@gmail.com
147,Ella,pieisoq,axhneio@gmail.com
148,Ronald,zmurqfe,umsmwwp@gmail.com
149,Jared,cjwtayd,veooagf@gmail.com
150,Nell,oxxyabm,rklxevx@gmail.com
151,John,nexaujv,visdkfh@gmail.com
152,Norman,qeivhxo,txxvdsr@gmail.com
153,Saundra,tphdqxv,njxnhxw@gmail.com
154,William,dpshqbr,bdeahht@gmail.com
155,Magdalene,nwyrsty,yzgctdx@gmail.com
156,Debbie,bkppoko,azxamsu@gmail.com
157,Michele,esaajie,xiwbqvg@gmail.com
158,John,repegwt,uzpymbw@gmail.com
159,Shannon,jvxfjcy,tvrjrxq@gmail.com
160,Byron,flfhlpv,osqfooj@gmail.com
161,Sally,dwexcao,xgvhrob@gmail.com
162,Paul,nsyflxh,nthoisc@gmail.com
163,Justin,olworry,iefumgw@gmail.com
164,Roxy,fbcgjnm,grrqfiv@gmail.com
165,Melissa,cugrhhv,abwxfzs@gmail.com
166,Leticia,gordwas,bnayhci@gmail.com
167,Joy,qgzdooj,rypnxbw@gmail.com
168,Marvin,uixivmr,wpyegvy@gmail.com
169,Richard,hfoalcy,jkgjard@gmail.com
170,James,kpbnwgh,kescacd@gmail.com
171,Deborah,qzjjuks,edjlbha@gmail.com
172,Garland,uzhfhnf,cttipmv@gmail.com
173,Angie,vlzytgf,kdqvtph@gmail.com
174,Ronald,hchgegc,zngxmjk@gmail.com
175,Helen,rzjoale,eaalwiw@gmail.com
176,Michael,diinnzm,wbevmgf@gmail.com
177,Troy,cnvfbrb,hosodkq@gmail.com
178,Charles,ppmfmmg,wvenidr@gmail.com
179,Timothy,uojalkl,qyptiow@gmail.com
180,Jennifer,wyutvyc,ecexkwv@gmail.com
181,Matthew,wzukzjj,mubekix@gmail.com
182,Maribeth,zfiyutf,vfxqknd@gmail.com
183,Jennifer,qcwmomt,irspunw@gmail.com
184,Cynthia,ysrroni,kifmofh@gmail.com
185,Sarah,yfrzrwm,imvgwqu@gmail.com
186,Betty,lerlkwd,nhrprsb@gmail.com
187,Mary,tzuzjbv,dnmwcfh@gmail.com
188,Mary,aprubuf,irquhmq@gmail.com
189,Fred,wwibwoz,kjerkmr@gmail.com
190,George,aljlqfr,yoyffzr@gmail.com
191,Mark,xdoutdh,qnbwljn@gmail.com
192,Steven,yjihswi,jdaywwn@gmail.com
193,Karen,guewbsz,ffzqswx@gmail.com
194,Roland,bvwvxfe,shvcpuf@gmail.com
195,James,ztzvzuv,qedplks@gmail.com
196,Russell,kvjlvwn,fnqbrer@gmail.com
197,Gary,vfhyomu,bvrxszv@gmail.com
198,Philip,mecoupc,uwquxhj@gmail.com
199,Theodora,qpuudok,fdbeojz@gmail.com
200,Jeremy,eylkksn,hplpcqk@gmail.com
201,Matthew,cyeepbg,tqfnmyw@gmail.com
202,Joseph,foluoog,riowgtg@gmail.com
203,Sharon,fookrhd,vtedddf@gmail.com
204,Damian,mpxlbpt,tfjmxbu@gmail.com
205,Rodolfo,zvpbbtc,kqjlhii@gmail.com
206,Edward,cojehda,uznkfuh@gmail.com
207,Helen,ribfxwx,gwroyym@gmail.com
208,Martha,vujumgr,mmutuxg@gmail.com
209,David,uuecxph,bqcguar@gmail.com
210,Susan,odmetwg,emcxldc@gmail.com
211,Catherine,polryob,nyerubw@gmail.com
212,Ken,sjwpfgy,knrapxj@gmail.com
213,Ralph,rhfctsd,euyyyib@gmail.com
214,Sarah,bxmfxml,ahdxxqn@gmail.com
215,Richard,qhplspz,psecltl@gmail.com
216,Terry,espyiqf,aunqlpl@gmail.com
217,Juanita,lpgvvgh,dcimlct@gmail.com
218,Kelsey,tedpyes,qpwaxix@gmail.com
219,George,yzpeptq,opgbmjc@gmail.com
220,Tyler,nsduqra,mcfgslj@gmail.com
221,Raina,ceurxas,oxniodu@gmail.com
222,Steven,mjphlzk,ljqaqyk@gmail.com
223,Larry,egbezdl,ypqzsjy@gmail.com
224,Ernest,haxsntk,pwcdabx@gmail.com
225,Angela,ynhropw,yrstpxp@gmail.com
226,Darryl,bmqtzad,bimvazo@gmail.com
227,Clyde,ljgxqnv,edyvyib@gmail.com
228,Jose,ygfxyfu,pwemnoh@gmail.com
229,Beth,qavqzyr,auaildf@gmail.com
230,Willene,tbrxxit,ltjdolz@gmail.com
231,Stacy,isprbbp,ldgvxzh@gmail.com
232,Luke,ywtkpeb,rdukndu@gmail.com
233,Adele,vzitktf,gnlpejb@gmail.com
234,Kathie,gtqqifl,lkuwlvb@gmail.com
235,Bruce,famwvel,fqssifb@gmail.com
236,Lynda,woydwmg,rmpeajf@gmail.com
237,Kathy,terzxkp,lwfryvz@gmail.com
238,Dennis,wkjqlkh,guiccnm@gmail.com
239,Richard,luvyomi,jkdmcpy@gmail.com
240,Hal,iagxvxv,vjveawh@gmail.com
241,Brian,xaloigz,cnqyrwx@gmail.com
242,Josephine,kbjktnc,htjijhi@gmail.com
243,Georgia,ygjntme,jsbsfrd@gmail.com
244,Anthony,wnyciuq,mmrdqdn@gmail.com
245,Michael,gdzgfsv,stdilla@gmail.com
246,Betty,svudvrh,lbiwacd@gmail.com
247,Susan,whdjajl,mndadae@gmail.com
248,Eda,cmsclhe,rgqnsxi@gmail.com
249,Howard,oyimpow,gzokcad@gmail.com
250,Nathaniel,gmgqfin,khezlun@gmail.com
251,Gerald,pfzqkuw,avjthel@gmail.com
252,Loretta,csjesvj,hgqmyuq@gmail.com
253,John,bzfisli,qmuuvnh@gmail.com
254,William,ypkrbya,pkfatdp@gmail.com
255,Patrick,chouqip,lggiaej@gmail.com
256,Dwight,qaiordd,obirszn@gmail.com
257,Marcie,iixqzuc,kmoceyd@gmail.com
258,Lillian,vkzmpzc,iesaylq@gmail.com
259,Patricia,ewgbflh,qyjzyqo@gmail.com
260,Timothy,xqfzqlp,lbsumww@gmail.com
261,James,hbydvvp,copyxbt@gmail.com
262,Shirley,vdnihbh,iousdln@gmail.com
263,Lara,ezrpylv,cdlfhws@gmail.com
264,Lucretia,syxnmbp,kopamwj@gmail.com
265,Fay,kgzrpjl,qrlawtr@gmail.com
266,Bethany,fffeajc,pyrijch@gmail.com
267,Richard,jiempkp,uqplzlf@gmail.com
268,Evie,ppgfbbi,nrabcis@gmail.com
269,Glen,dajwcgt,tqujmdz@gmail.com
270,John,bbmnerw,hhphjgy@gmail.com
271,Dawn,wgurbqd,byrpoef@gmail.com
272,Betty,rayxqlv,ogudyil@gmail.com
273,Donna,thdpemj,lcquavc@gmail.com
274,Gustavo,ijmsghs,yxwyilk@gmail.com
275,Gene,jqabqbl,oywilxk@gmail.com
276,Patricia,hytvsmm,xnczdly@gmail.com
277,Ralph,tbjhlal,ovxiljp@gmail.com
278,Glen,zxqticl,zpykeof@gmail.com
279,Teresa,ejrqtpn,itsgval@gmail.com
280,Kyle,wmremim,rwfzkjk@gmail.com
281,Beverly,wlwiaai,ypxlfba@gmail.com
282,Dennis,leqigoo,ezfswwr@gmail.com
283,Dawn,endpzhr,kfcsncg@gmail.com
284,Matthew,stoaukd,cjtyuzq@gmail.com
285,Edwin,nkxjjdz,xcmpcmh@gmail.com
286,Amy,zqecpkx,zwxmssd@gmail.com
287,Gregory,shtrjbu,iybutbc@gmail.com
288,Roy,qjagrrg,qoipzjy@gmail.com
289,Julian,cfqifzh,cnemydu@gmail.com
290,Mark,sksflax,histsat@gmail.com
291,James,icmrnla,uirmioe@gmail.com
292,Mark,zjdston,surcqnz@gmail.com
293,Roy,hogptzz,rxjftiq@gmail.com
294,Kim,owbbnan,svwdiln@gmail.com
295,Christopher,ptokwaq,hkencil@gmail.com
296,Bob,pfbljgk,fvbaxyo@gmail.com
297,Diana,yftnzmr,rksauic@gmail.com
298,David,syevybf,potdorn@gmail.com
299,Carmine,qpgaien,zcebctt@gmail.com
300,Albert,ilprixl,uevyrfk@gmail.com
301,Stephanie,gmgmbfm,ctqftrp@gmail.com
302,Dorothy,wxzhuar,mowhknb@gmail.com
303,Johnny,iizcfnb,fmjlvcz@gmail.com
304,William,qdpahwg,ykiobmt@gmail.com
305,Jerald,lxnxydl,xysnyjh@gmail.com
306,Bertha,ywizita,wichqvg@gmail.com
307,Todd,kxmovrs,iigfzri@gmail.com
308,Janie,cdlloem,sgtsjks@gmail.com
309,Chad,zpuhrll,tvqpbgw@gmail.com
310,John,arzihex,pomkkfz@gmail.com
311,Debra,qlwskvj,fbufxuq@gmail.com
312,Armando,diyidef,syfijxp@gmail.com
313,Marisol,msmbqyx,tvnwltk@gmail.com
314,Hans,nkdxcwy,itjhdsy@gmail.com
315,Wayne,nhbvwxg,jtecycx@gmail.com
316,Nancy,ebnvdiz,lspnplh@gmail.com
317,Myra,hppvkdf,nghleqv@gmail.com
318,David,fokmmie,zsljtqh@gmail.com
319,Doris,tbfgjqn,qzwzshp@gmail.com
320,Isaac,iswxkkp,yopmmcm@gmail.com
321,Marin,ymwnclu,bqoqzix@gmail.com
322,Karen,jvgonjf,chooadi@gmail.com
323,Georgia,jtkdrkh,sjeboee@gmail.com
324,Heidi,alkdkzp,iiuvmma@gmail.com
325,Darryl,vodqulg,srxuphn@gmail.com
326,Jose,ptihhgm,snmyuez@gmail.com
327,Alan,bicynxr,huvjrjs@gmail.com
328,Angelita,glsuxqb,hltjgqa@gmail.com
329,Henry,gvgfjdi,sghwwuy@gmail.com
330,Leland,wxpyvdh,efrgbyr@gmail.com
331,Robert,kiolljc,msreahv@gmail.com
332,Joan,rayxymh,okxytxi@gmail.com
333,Meagan,baworuh,vzigkif@gmail.com
334,David,ldzkmjp,lxaomrq@gmail.com
335,Betty,rrfaqls,hnhesta@gmail.com
336,Gladys,wuntqcy,encrnur@gmail.com
337,Natividad,yuvxkpt,tvtdfkm@gmail.com
338,Leonard,fijrcya,ffxoiym@gmail.com
339,Mark,uonmndy,lwfggwk@gmail.com
340,Arcelia,nuwcfdi,zcqhvmk@gmail.com
341,Joseph,kjcaiuw,nkeofdk@gmail.com
342,Betty,ebrxavb,fvtrdpu@gmail.com
343,Joyce,rbryflp,ngjbwef@gmail.com
344,Estella,gkqhuqc,tdtgjpf@gmail.com
345,Andrea,emozhmc,euzyuar@gmail.com
346,Jessie,hylkqck,epcbymw@gmail.com
347,Sandra,iihsboh,gaztjjo@gmail.com
348,Bertha,qfdkamp,qvqrzbr@gmail.com
349,Nicholas,vnopczk,jznerem@gmail.com
350,Trudi,hmggbhm,jptvick@gmail.com
351,Elaine,pcsvtlb,akdhdra@gmail.com
352,David,nmgdoob,tamrjoa@gmail.com
353,Samuel,igprqee,futiukl@gmail.com
354,Steven,zhnepju,ckxainr@gmail.com
355,Clifford,twsdtnv,azciydr@gmail.com
356,James,hdeaeia,igmhwds@gmail.com
357,Abbey,ttucomc,odxupdv@gmail.com
358,Christopher,rcpdzoy,cvgfcyz@gmail.com
359,Amy,lrpdyyb,horbjia@gmail.com
360,Jennifer,wbshxov,ykxyncf@gmail.com
361,Richard,dmizwzx,cozuifr@gmail.com
362,Steven,lmcysou,eplmgof@gmail.com
363,Bruce,ddcvzhn,veljqxi@gmail.com
364,Stanley,wmfckar,vthnlii@gmail.com
365,Mary,wmvuxtw,utxqiid@gmail.com
366,Myriam,hhmcmch,stddstp@gmail.com
367,Marla,dlhjohh,prylamo@gmail.com
368,Heath,vmnbeko,pstbicx@gmail.com
369,William,tvixosy,abedkqr@gmail.com
370,Benjamin,iepxxcr,vncbgxv@gmail.com
371,Dixie,twfltwa,nxobekw@gmail.com
372,Charles,xzhfgni,obsceer@gmail.com
373,Henry,argxcmn,iaxqpfj@gmail.com
374,Reginald,lltqquu,idnleav@gmail.com
375,Timothy,hbfpbow,wgnxsvs@gmail.com
376,Reginald,vepupwa,rrufxxy@gmail.com
377,Amy,cyvhgdv,auvbaat@gmail.com
378,Mary,ylbyavy,tuyesqu@gmail.com
379,Michael,djdtrbk,jzdiurt@gmail.com
380,Margaret,uoncuui,yjobmcp@gmail.com
381,Eleanor,jszkzmu,wxzgdoc@gmail.com
382,Gerald,dyzleqd,qhjyrbt@gmail.com
383,Carol,exhestr,xllwyje@gmail.com
384,Victor,eaqexlg,pmkrtfa@gmail.com
385,Dustin,edcefkt,galpecw@gmail.com
386,Frank,uefyuxz,lgwxdmz@gmail.com
387,Rayford,cxoagdb,ypjjtof@gmail.com
388,Barbara,waomctd,ddqmszh@gmail.com
389,Jane,lfyrakv,iinmxrh@gmail.com
390,Charles,segxgus,abzktqr@gmail.com
391,Aida,htggrau,hxfojrr@gmail.com
392,Deborah,mqcrxax,kinlltd@gmail.com
393,Ruby,eogcymq,ibftavu@gmail.com
394,Richard,ilxeors,aithake@gmail.com
395,Louella,jizkbzs,ptejvfj@gmail.com
396,Chris,dncdbcs,dpbsfsf@gmail.com
397,George,wcdigny,xwwbhbp@gmail.com
398,Erin,pidvrqh,zxkcits@gmail.com
399,Bertram,elwjdnp,xkofssm@gmail.com
400,Elroy,kmfjhjz,feyeuig@gmail.com
401,Roy,jtptgea,qacffdz@gmail.com
402,Jon,jcqlour,tgklwfy@gmail.com
403,Frank,wxyqfyp,acbikgh@gmail.com
404,Sidney,vqswoqp,wnprimv@gmail.com
405,Deborah,rpylsvk,rpwrvix@gmail.com
406,Steven,qxedjwy,kimzhtt@gmail.com
407,Stefan,unxqffw,gpjzrud@gmail.com
408,Heidi,tdyreeu,azdupyo@gmail.com
409,George,wddmqjt,bhenriv@gmail.com
410,William,zjoycnc,yeocwdu@gmail.com
411,Greg,rqvopex,lhepwnu@gmail.com
412,Thomas,bjmrusu,rbeimhw@gmail.com
413,Kathleen,ixietfq,sdaamih@gmail.com
414,Emma,ndcfllv,xfwiyat@gmail.com
415,Lora,wyufvwz,iknafne@gmail.com
416,Opal,jzlwznm,mbkdyfh@gmail.com
417,Dorothy,fseeauj,fjuhnic@gmail.com
418,Tori,bwuobex,btpwwvq@gmail.com
419,Yvonne,vvuxdqi,gnyiurl@gmail.com
420,Shanna,dkkqmna,bcjcyzf@gmail.com
421,Ross,gypjaeh,wlfijbw@gmail.com
422,Dan,eblihrg,chrkywz@gmail.com
423,Carol,aaoathh,writbec@gmail.com
424,Wallace,xoymbhb,wndyigg@gmail.com
425,Juan,pwigcwj,aldoptw@gmail.com
426,Lynette,iczrwod,bajshzu@gmail.com
427,James,bliahnd,vflgzzv@gmail.com
428,Thomas,buffzdx,bqynarb@gmail.com
429,Thomas,utotcoc,bnbtvhr@gmail.com
430,Abraham,vvhygjw,zsmxzvj@gmail.com
431,Joshua,ehcluht,tcyuzpc@gmail.com
432,Claire,myfvxnc,qezteiw@gmail.com
433,Scott,cfnvtly,gzwlubq@gmail.com
434,Aaron,soedqak,mjcezox@gmail.com
435,Fernando,yqehuid,wxmardb@gmail.com
436,Kelli,ytkqkjm,amjkryc@gmail.com
437,Amy,dqahrdx,uxrzemg@gmail.com
438,Donald,aeisogr,atpczpp@gmail.com
439,Arnold,wgpnuzd,wrllgyv@gmail.com
440,Edward,dhwtduq,sjxkzub@gmail.com
441,Vincent,mtzazbe,eraxmxz@gmail.com
442,Wilfred,raqtrsa,vyxqrzi@gmail.com
443,Audrey,ptgcdzo,bbrildc@gmail.com
444,Kathryn,zhlbdnf,jcrixux@gmail.com
445,William,hhvbelq,hrwzinq@gmail.com
446,Martin,aooeice,nlyvtwq@gmail.com
447,Richard,aijyyjj,rbmtxvk@gmail.com
448,Ernest,oxoggsk,anjzxpn@gmail.com
449,Susana,rotwxxl,lznsiqh@gmail.com
450,Charles,muoymqx,nbikdwn@gmail.com
451,Jose,tveksoe,qwehral@gmail.com
452,Ryan,kmjvstn,pjikagc@gmail.com
453,Vincent,vsxvamc,htysbab@gmail.com
454,Dennis,pofijpo,bhcnifb@gmail.com
455,Yvonne,ivfynzr,phyiwax@gmail.com
456,Christopher,bzriqpc,sxjppub@gmail.com
457,Russell,qnzhthc,nfsdhux@gmail.com
458,Brian,tprpcxu,onaeutf@gmail.com
459,Natasha,nbyqpye,afjaymy@gmail.com
460,Billy,xcpkryn,xzcflsu@gmail.com
461,Annie,buzbpev,fyhyypu@gmail.com
462,Eric,sgogfdo,qlklirb@gmail.com
463,Brooke,jgsknra,wkpogrx@gmail.com
464,Timothy,zykjvvb,lqtoepx@gmail.com
465,Charles,xvriysk,wljdnuh@gmail.com
466,Hermelinda,pzgilzc,cftprnu@gmail.com
467,Margaret,zomfnpo,utbgycw@gmail.com
468,Frank,rojzrns,yufgpfp@gmail.com
469,Joseph,mtbprjb,kliwprq@gmail.com
470,Darryl,cxjiblk,jqcezvx@gmail.com
471,Nicole,efcykgv,glnqarj@gmail.com
472,Jay,eabbepw,acoqjom@gmail.com
473,Kenneth,oeriups,iotxhcj@gmail.com
474,Edward,sbidnbv,lkmuwcy@gmail.com
475,Lecia,rgoagpa,fpkohnz@gmail.com
476,Rebecca,uwslixp,eymmrqo@gmail.com
477,Walter,gkycmhx,bgkipfl@gmail.com
478,Barry,chmyqhq,cxujfhz@gmail.com
479,Kevin,hpmctbm,aqjnfhj@gmail.com
480,Robert,ijynwkg,bqvzcav@gmail.com
481,Danial,luhlwnu,buivpqb@gmail.com
482,Paula,juphkzc,toekcxm@gmail.com
483,Gary,vmrxgfg,lauvniy@gmail.com
484,Jennie,jrtfyik,qvmplpy@gmail.com
485,Joseph,jdjhttj,kzgqeps@gmail.com
486,Raul,tdliknk,efrvxve@gmail.com
487,Edmond,ukjlbmt,gaxujjy@gmail.com
488,Sergio,qfiutzx,uphorth@gmail.com
489,Robert,vlgtzta,nwwunku@gmail.com
490,Michael,oadztlv,umeepiu@gmail.com
491,Kristin,dervtpx,drnscpe@gmail.com
492,Terry,yigwenc,ebbazvq@gmail.com
493,Donald,bwusqgu,tqhrbaa@gmail.com
494,Steven,vhrxbat,dfxleiw@gmail.com
495,Jack,jgrxpjk,zgntzui@gmail.com
496,John,rmjkmrf,dexkdwv@gmail.com
497,Harvey,yxsegbl,pxbzaca@gmail.com
498,John,ppaveih,qpkglbv@gmail.com
499,Barbara,zoqhdil,wbdokyj@gmail.com
500,Shelly,bljzlzq,ydjzukt@gmail.com
501,Lynda,asvjbmi,wdhhaof@gmail.com
502,Joseph,fkqdjmr,bjwnatu@gmail.com
503,Joseph,vxccsqp,ucmwmlq@gmail.com
504,Kevin,tbaeept,ozhgryv@gmail.com
505,Donna,blxnyvo,mvkftrl@gmail.com
506,Stephen,wwazgbu,kjepgpy@gmail.com
507,Joyce,hvuaezz,rzgqjnh@gmail.com
508,Mary,okzkqfh,nophdkz@gmail.com
509,George,trpxzns,lfcadvp@gmail.com
510,Jennifer,xywcwdw,ereaijc@gmail.com
511,Norman,hkinhop,zadsaid@gmail.com
512,Carolyn,othwojs,bqhaknq@gmail.com
513,Raquel,ggerhlg,cruvbbp@gmail.com
514,Joseph,ejehqwk,yrlbaay@gmail.com
515,Randolph,cgwpwqi,bmvbvoa@gmail.com
516,Dustin,nttacgu,anhzcfi@gmail.com
517,David,ysgrsbj,nlonugy@gmail.com
518,Larry,jzvwirn,eohtelr@gmail.com
519,Jennifer,sahneev,ibnwrdg@gmail.com
520,Dolores,glsrkkn,ltmxehe@gmail.com
521,Clyde,njaahvr,wsunqlv@gmail.com
522,Scott,dtqrzzt,tqgvasw@gmail.com
523,Mitchell,buafdxr,usstjqe@gmail.com
524,Jack,stpyjen,ssjibkt@gmail.com
525,Robert,ycubpol,fwkszyd@gmail.com
526,Michael,kuuqpqt,aehpzhj@gmail.com
527,Earl,frdbcwv,kmpgbbw@gmail.com
528,Tonya,fequtha,bqreopk@gmail.com
529,Linda,zephkeh,hyujmce@gmail.com
530,Leonard,xqpebqd,qffkxyw@gmail.com
531,Michael,swkeljc,auvueyo@gmail.com
532,Reggie,tkraxvq,lzpmcpw@gmail.com
533,Ryan,pdsvgwm,tmhejpa@gmail.com
534,Lisa,lfzdyxc,eboujoe@gmail.com
535,John,ztygszj,dgofhtp@gmail.com
536,Paula,ckatpcj,ouoycsu@gmail.com
537,Dennis,nqczmgd,rfhhmtf@gmail.com
538,Sue,nearkko,vhvtefw@gmail.com
539,Lawrence,ffyugno,bzvzopf@gmail.com
540,Juliann,rtefxob,omodttg@gmail.com
541,Susan,kffsgzt,ynsyjvm@gmail.com
542,Phyllis,bchgmqj,zoakzsd@gmail.com
543,Robert,vlfgbio,xgnsudq@gmail.com
544,Mary,trguxwn,uxtlaci@gmail.com
545,Kelly,mpdalay,gdscxqj@gmail.com
546,Lakeisha,esazmad,pxqmuvh@gmail.com
547,Jennifer,bbonhvj,lupxnaq@gmail.com
548,Antonio,jhjapli,zqsjqpu@gmail.com
549,Evelyn,nkbnugd,ilhrntw@gmail.com
550,Traci,siuqkoc,zlqywcq@gmail.com
551,Michael,wjzylpy,yhbrgov@gmail.com
552,Richard,ciutboi,jzdabgq@gmail.com
553,Carlos,dexeecc,ktpootx@gmail.com
554,Bernadette,oucxwzd,jpfossa@gmail.com
555,James,inhtebb,zoblibg@gmail.com
556,Edward,zwnrqix,rcxsytx@gmail.com
557,Melody,ejnxosc,zdsmbur@gmail.com
558,Barbara,xhkguih,vpghkao@gmail.com
559,Judith,pomokiy,pjgzots@gmail.com
560,Rodney,tdkrhdn,ikpcnbl@gmail.com
561,Almeda,cskbfxi,ijbpyrp@gmail.com
562,Melvin,haabbbi,mpedcnh@gmail.com
563,Judy,rjpdfpf,ycynjlu@gmail.com
564,Sheila,jnexwjr,oenmnxu@gmail.com
565,Patricia,optgnfl,jngthuz@gmail.com
566,John,ojhgete,rfblkul@gmail.com
567,James,jqmxmpa,bsxtxnq@gmail.com
568,Thomas,szwfyub,miahcei@gmail.com
569,Robert,wgvluli,jnpwiuj@gmail.com
570,Sally,qximudq,zhnhmve@gmail.com
571,Jarrett,lgbbulp,mzezmgj@gmail.com
572,John,epbuizf,frqgkzx@gmail.com
573,Michael,xrbujij,mztgzfa@gmail.com
574,Robert,txehfcf,vtrdgis@gmail.com
575,David,sbohcvk,rngrewa@gmail.com
576,Kristina,rpkutkb,ncuiven@gmail.com
577,Janice,fpoqnff,ntovtvb@gmail.com
578,Ralph,jsxcjnn,muojwlf@gmail.com
579,John,jlohnrn,ibnedxf@gmail.com
580,Brandon,uhwgwpn,pujscwm@gmail.com
581,Sherri,xmnmsyf,mgppncy@gmail.com
582,Michael,vgijjif,yvspeio@gmail.com
583,Ellis,hgmqqav,pzbltuc@gmail.com
584,Lisa,najnvwc,hhslipv@gmail.com
585,David,fukpjuf,iojflok@gmail.com
586,Gary,iqtacar,fgcroks@gmail.com
587,Rebecca,wuqsrai,dptmdgs@gmail.com
588,Megan,eljflxf,qpdvjgi@gmail.com
589,Billye,pwvmzsb,oqxqets@gmail.com
590,Julia,mzsbwco,weehfiw@gmail.com
591,James,bjhanoi,oeyypro@gmail.com
592,Mary,pmqnvdr,pnrdwdx@gmail.com
593,Donald,pzyclvu,xbhfdww@gmail.com
594,Dana,iszlson,lvqgkat@gmail.com
595,Karl,xwdosqg,qxxlmlh@gmail.com
596,Brian,tijvhrt,hroohka@gmail.com
597,Oscar,ivhfycp,coccydo@gmail.com
598,Juanita,xtlyryi,uoxvyde@gmail.com
599,Lloyd,hyofeqd,owltlpz@gmail.com
600,Shelia,ozloojc,cemkggp@gmail.com
601,Laura,asgiaik,eyfdvbj@gmail.com
602,Kelly,qkhxyjc,saqucat@gmail.com
603,Karen,pjqozbl,mgpmkiq@gmail.com
604,Denise,fhgfhmv,kfktoca@gmail.com
605,Christine,lbvszxb,hysqqfw@gmail.com
606,Barbara,wbokunh,ejodafl@gmail.com
607,Charles,mpnbdtc,zuskhzo@gmail.com
608,Michael,idicmww,joubdmf@gmail.com
609,Katherine,henfjqz,moptbnf@gmail.com
610,Francis,xozyond,mtaadoz@gmail.com
611,Laura,iyzjxrt,slesnsp@gmail.com
612,Terry,bmmvfhh,kkxxwlc@gmail.com
613,Patricia,pqpdxxl,fasasxa@gmail.com
614,Bryan,mrxyrck,afpbdef@gmail.com
615,Katherine,jbomnst,nzbhuvo@gmail.com
616,Raymond,votydaq,fbhibti@gmail.com
617,Lillie,xqltilm,xplxscb@gmail.com
618,Esther,cxizccb,iyoyves@gmail.com
619,Angie,rkynwmm,bztygyl@gmail.com
620,Karima,fmemuzw,kuvaowq@gmail.com
621,Christopher,hyhmejy,zwhqumd@gmail.com
622,Melissa,xlutzve,tbatbso@gmail.com
623,Tiffany,xfylgoq,tqzkzev@gmail.com
624,Charles,qsitgui,nulcndg@gmail.com
625,Wilson,rtnrvfj,yzyqelj@gmail.com
626,Angelina,qyxpniv,jjvuprw@gmail.com
627,Robert,okbooci,ayoxuvk@gmail.com
628,Valerie,teuyofa,aqrjlfg@gmail.com
629,David,tasrlja,fqgwqit@gmail.com
630,Fern,lineuyz,vztomcw@gmail.com
631,Sean,clmhmqc,rovrtys@gmail.com
632,Anthony,kqeaygi,qafeoob@gmail.com
633,Brigette,uvofycq,hjnjhjx@gmail.com
634,Art,enimfzd,ucytshb@gmail.com
635,Lisa,paexnim,gxptiha@gmail.com
636,Jacqueline,xsimafa,jwujbbi@gmail.com
637,Robert,vobzlnn,gwiaxhn@gmail.com
638,David,lvlsszh,sanikfo@gmail.com
639,Peter,zlujltc,yhljntl@gmail.com
640,Robert,jxtuoay,dxjmcuz@gmail.com
641,Richard,coixeul,bdzhdlm@gmail.com
642,Dennis,nepyudp,kydilux@gmail.com
643,Marilynn,kqcuqcn,llgcrpc@gmail.com
644,Donna,owotiqm,xdihqhv@gmail.com
645,Michael,tcyyrrj,iydgpxk@gmail.com
646,Betty,bxlrjkr,urbqqfs@gmail.com
647,Albert,lhndphk,ylwhrhg@gmail.com
648,Bernard,ccpdgpe,abaaahp@gmail.com
649,Kathleen,ditucxa,faxlucw@gmail.com
650,Kari,kntmvhr,ecmahva@gmail.com
651,Michael,yqvzcet,crkpivq@gmail.com
652,Ronnie,vwbljag,neylwsa@gmail.com
653,Anastasia,szadfih,xmtpjmo@gmail.com
654,Erica,gdqjfft,zocqqgo@gmail.com
655,Rana,hsuahxy,wyaorak@gmail.com
656,Jorge,vjzhjsj,bmvvgvf@gmail.com
657,James,pqclcsw,mzryshi@gmail.com
658,Barbara,zyyiosd,ttnkgfr@gmail.com
659,Pamela,bjsfmpi,uwqrufs@gmail.com
660,Keith,nuyubal,ohqyhnv@gmail.com
661,Betty,jezokbr,urhhepj@gmail.com
662,Brant,qntbxpf,wddhheq@gmail.com
663,Yong,bdxvdjq,rnnkxln@gmail.com
664,Laurel,rxmpezr,saxgwkz@gmail.com
665,Teddy,hvojjdx,mylirha@gmail.com
666,Ralph,ckfkecf,knsihqb@gmail.com
667,John,parudma,kqtkont@gmail.com
668,Jeanne,wmltdaf,rongasg@gmail.com
669,Wendy,lpckxxm,ttpqkkr@gmail.com
670,Cynthia,qvjtpuo,wpuohmy@gmail.com
671,Kathy,sgcyujr,alqohsd@gmail.com
672,Donna,vbkygjs,zoufndg@gmail.com
673,Joe,ndxmknr,iimivnm@gmail.com
674,Brenda,efagudf,ppwvblp@gmail.com
675,Donald,mjhwgry,flvmpva@gmail.com
676,Sasha,yzacddt,gspcpha@gmail.com
677,Veronica,snvcjsv,kuelbcg@gmail.com
678,Stacy,bzpamkt,aofpvpb@gmail.com
679,Laura,zstzzca,ylqyrzn@gmail.com
680,Clemencia,zwktdjk,uvgmpjg@gmail.com
681,Chester,ugyyclk,zdctsvt@gmail.com
682,Melinda,scofecd,kotsxmn@gmail.com
683,Charles,ckpihke,xwuzuaw@gmail.com
684,William,pgthedh,qokmclm@gmail.com
685,Sarah,vgftzhc,edrztog@gmail.com
686,Ronald,uvfbqpk,mnkgihs@gmail.com
687,Jessica,mpnbkyu,culsjwj@gmail.com
688,Janet,tkywbwe,cljiizf@gmail.com
689,Michael,csnbawc,uodxzyl@gmail.com
690,Joyce,enzzuxy,bxjowdr@gmail.com
691,Gail,gjgvyqt,kluytns@gmail.com
692,Arline,jayxbue,bpsqezr@gmail.com
693,Opal,tshrdlc,dzsddlr@gmail.com
694,Anthony,cnvkyfr,bhpneyb@gmail.com
695,William,gdtuafj,xtyffzr@gmail.com
696,Hazel,mldjfmw,hbjwgtf@gmail.com
697,Luana,jtvnlot,fnjfzql@gmail.com
698,Debra,dmknlyi,jwyojva@gmail.com
699,Tina,qtgdkzg,rqxhklv@gmail.com
700,Delphine,licjcoa,mtmurwv@gmail.com
701,Manuel,faedwir,ciyjuzq@gmail.com
702,John,rzvbffc,dvlxryw@gmail.com
703,Kristen,vtfqepq,jkzmrhs@gmail.com
704,William,bsgjjgr,anvqfqt@gmail.com
705,Mia,tqclfsp,yklyues@gmail.com
706,Michael,ttqodwr,jvzpszf@gmail.com
707,Nicole,exwobyf,kytisik@gmail.com
708,Raymond,gmccntf,yqfqtev@gmail.com
709,Amos,wagsxqz,ugbwzmv@gmail.com
710,Herbert,bjuraxn,kinuxiq@gmail.com
711,Marilyn,bkqwnng,ihugwic@gmail.com
712,Timothy,axfvevd,ufjhygb@gmail.com
713,Jonathan,nyaoewa,bvyjmjq@gmail.com
714,Leslie,scmccdf,keixxun@gmail.com
715,John,orvbazf,wwyvifa@gmail.com
716,Sam,fasoqmw,tqirzui@gmail.com
717,Travis,ugnpguy,tbqrcfp@gmail.com
718,Lindsey,aopquvo,zegbpww@gmail.com
719,Kim,aalnknm,nphqrwq@gmail.com
720,Charlie,ehbxten,ziefebz@gmail.com
721,Luz,gwqvrvx,pzgseyx@gmail.com
722,Richard,dukmqiy,hyhlyvo@gmail.com
723,Jack,hetlfby,hwhbuok@gmail.com
724,Diana,xiqpper,mbiswjh@gmail.com
725,Angela,ebheefb,mkhqpjw@gmail.com
726,Victor,mooqrgw,zmunfbe@gmail.com
727,Linda,seaunky,irdjwaa@gmail.com
728,Doug,vbkyyjo,bborlcw@gmail.com
729,Manuel,gntaaoy,mbsmjmi@gmail.com
730,William,qqwmmnf,mpseufz@gmail.com
731,Bridgett,asfxmwl,sahsjsk@gmail.com
732,Anette,ihyoikq,oloktuz@gmail.com
733,Rodney,zriglyi,vuopcno@gmail.com
734,Migdalia,wanodmp,ksntqrj@gmail.com
735,William,vkrlxgb,bjuwiep@gmail.com
736,Trevor,qohjckk,nizfqlk@gmail.com
737,Arthur,iktbkru,jdyiipa@gmail.com
738,John,iqknrdu,tljfikt@gmail.com
739,Scott,xznfnvo,xupersa@gmail.com
740,Mark,hpkjmeh,tmsdshy@gmail.com
741,Victor,qewleim,vxmuajk@gmail.com
742,Heidi,mcdqsho,rrpchgf@gmail.com
743,Ethel,yjoffdy,ulmbzao@gmail.com
744,Manuela,gnhtmvb,bhuxgwe@gmail.com
745,Edna,owefcth,yyduidy@gmail.com
746,Lorraine,jeofgym,kalezbw@gmail.com
747,James,ieuylip,npsgqyj@gmail.com
748,Linda,tjxpmuq,ofkkdrn@gmail.com
749,Thea,kjttphw,hnfipcx@gmail.com
750,Ruth,eiqupwp,gljtjyg@gmail.com
751,Veronica,ygavxed,ykkfjzn@gmail.com
752,Jared,eizoesx,ravcjop@gmail.com
753,Zachary,dbbsfrw,yhgncng@gmail.com
754,Paul,yyhrnzf,liapncx@gmail.com
755,Stacy,doauwge,dzmwroj@gmail.com
756,Trenton,teuvqnm,gpnpytm@gmail.com
757,Tonya,rpiqcpb,norlcwm@gmail.com
758,Mark,ruihhzh,qlcndbs@gmail.com
759,Cora,grcbrdh,fdqaoom@gmail.com
760,Rita,sthimkw,evnbwhe@gmail.com
761,Sally,tmbgsax,nchccbd@gmail.com
762,Blair,moqwlvh,oinssnq@gmail.com
763,David,dtbgzvk,gkdwfjc@gmail.com
764,Jacquelyn,ywgamgl,ljsypuh@gmail.com
765,Angela,hpytjaq,fjzansy@gmail.com
766,Michael,tnvpxtz,jjumenp@gmail.com
767,Billy,fmsraeq,bdhzxji@gmail.com
768,Patricia,yhmhdnz,pobebuz@gmail.com
769,Michael,nibmtfb,aocwpdz@gmail.com
770,James,vwvovhx,opppmlk@gmail.com
771,Marissa,dogwnlm,adqsnuw@gmail.com
772,Jessica,mofoend,sfnafcq@gmail.com
773,Jeremy,wyeyfjz,ygrbdsu@gmail.com
774,Barbara,djjvmbv,ufbdvid@gmail.com
775,Jamie,uqbxnjl,cwnkwnx@gmail.com
776,Daniel,sxeeoxs,krvrfsg@gmail.com
777,Kathleen,wzfzsbk,gomdqdn@gmail.com
778,Gladys,ybxnowo,zffyrpi@gmail.com
779,Leslie,hjgkvkv,iczccyj@gmail.com
780,Joseph,ienjrza,zgeukkt@gmail.com
781,Kelvin,ziumbgi,rwijkau@gmail.com
782,Carol,eifclmj,rdvpfue@gmail.com
783,Sanford,vhtxlfe,sivyohq@gmail.com
784,Yvette,kprvsse,nehbhal@gmail.com
785,Elizabeth,vamyoun,xfzdckz@gmail.com
786,Mary,gyzitfc,ymntmws@gmail.com
787,Don,cnxkvxx,cqlfdug@gmail.com
788,Diana,bxgcwzu,ogwnvwr@gmail.com
789,Joshua,syssnkd,ojyrvpu@gmail.com
790,John,nostrdd,fkekgek@gmail.com
791,Patricia,lyedfqu,umxyxla@gmail.com
792,Diane,hrlncnv,twdceiy@gmail.com
793,Leroy,kwtjjuf,lwgqtll@gmail.com
794,Robert,rvghgmp,pbeppsq@gmail.com
795,Anthony,lxlbbkl,ytsuwkg@gmail.com
796,Dale,cptpvhm,oydwarr@gmail.com
797,James,eunupgi,tpomayo@gmail.com
798,Gregg,yufqceu,tztkohb@gmail.com
799,Joan,fwrhqil,rvlqvgh@gmail.com
800,Matthew,xopjuha,fafqkzd@gmail.com
801,Deana,tcwpphk,pbvbhnr@gmail.com
802,Stephen,jflavtt,iplpmnj@gmail.com
803,Nancy,lhktjnb,yjqwwji@gmail.com
804,Gary,pgpjeup,rrjykpa@gmail.com
805,Jill,vacwlrz,doounph@gmail.com
806,Roger,wsykgdy,gbywjdr@gmail.com
807,Charlene,nwlpkuw,eodojlu@gmail.com
808,Janet,gveqyie,yrxlwxr@gmail.com
809,Marlo,erdyffr,dditlgk@gmail.com
810,Waldo,tikrqdp,rdnmzbu@gmail.com
811,Connie,llunaiv,idisvje@gmail.com
812,William,yyednnt,bqesuei@gmail.com
813,Douglas,yreuygy,vhuhqbz@gmail.com
814,Fatima,vmjmfdh,yjsjnkm@gmail.com
815,Michael,wbxgehk,haxuoaz@gmail.com
816,Frank,dfguunp,gjbitqu@gmail.com
817,Guillermo,kfuxppr,axgrlpg@gmail.com
818,Joane,xhmnnky,iuybqxq@gmail.com
819,Roy,qehsyso,sjvgqvp@gmail.com
820,Caroline,ksulacd,qbgmodq@gmail.com
821,Cynthia,nkzimjz,ujvoyid@gmail.com
822,Darrel,bagpvmp,spoxzlo@gmail.com
823,Leonard,leqhveg,etakwko@gmail.com
824,Stanley,ucmuecq,zmbxxgx@gmail.com
825,Frank,bjepeld,liidhyz@gmail.com
826,Tara,bahhhbk,wjkiiae@gmail.com
827,Andrew,mrlinxf,nzdyxfp@gmail.com
828,Allen,dkqtlan,cfemrpg@gmail.com
829,Henrietta,oeqqfao,tkfacye@gmail.com
830,Lisa,fnoknwr,lohrtuw@gmail.com
831,Karen,lnjvkze,rhikbft@gmail.com
832,Estelle,natlbtm,qhtcrfg@gmail.com
833,David,briwyfa,nyciyta@gmail.com
834,Elisa,klulzfc,wdatnan@gmail.com
835,Anna,figvpoq,rocvubf@gmail.com
836,Michael,oijfbod,pohsxkm@gmail.com
837,Trang,jmsvcjo,xcecivt@gmail.com
838,Denny,dmvlryc,wznmyhx@gmail.com
839,Donald,bsoxdvw,ckahidb@gmail.com
840,Miles,voixddo,nrugkae@gmail.com
841,Myrtle,orskbsi,skyedaa@gmail.com
842,Robin,ijwfpfd,dmajphm@gmail.com
843,Eduardo,cqhzhjm,mpkatkb@gmail.com
844,Bernice,zuolncy,mitfiye@gmail.com
845,Rick,swdmfnc,wfmgymr@gmail.com
846,Bee,wzwftvb,meopvzw@gmail.com
847,Sheree,lgkqrpb,sjvuyfy@gmail.com
848,Marvin,frpueyz,hlmxlyp@gmail.com
849,David,rzkwhar,zbkbzhk@gmail.com
850,Gordon,dqlukic,gugihzi@gmail.com
851,Jenna,wqctnoe,dtywrpr@gmail.com
852,Debra,oeaxuoj,ttnqvux@gmail.com
853,Chelsea,lhywdkn,jqrmmbw@gmail.com
854,Charles,zcwtzzj,iunhgan@gmail.com
855,Sharon,sfvolnd,agpmrsf@gmail.com
856,David,stchjqx,qteselh@gmail.com
857,Deborah,nkyopaa,azjybkb@gmail.com
858,Grace,qocbdwj,ymlohva@gmail.com
859,Billy,aukgjtw,iddmywj@gmail.com
860,Helen,shimzzh,fzbdhef@gmail.com
861,Columbus,zgizvdh,uwuqtkt@gmail.com
862,James,wmshuys,fsapxif@gmail.com
863,Michael,tmjxxdv,ppeecmp@gmail.com
864,Louis,gmlzanl,szsxrlv@gmail.com
865,Darlene,simigzs,gwurtsy@gmail.com
866,Clarice,qufxptl,hmnemph@gmail.com
867,Earl,pgdevlc,wldxwuf@gmail.com
868,Carlos,xohwmbr,qmerxzh@gmail.com
869,Paul,upfmovq,votclut@gmail.com
870,John,onmjqrx,ripvqdw@gmail.com
871,Nicole,cfxyyig,zxjzofp@gmail.com
872,Henry,kiiozuy,gzlewka@gmail.com
873,David,mmhvezm,zkpzepp@gmail.com
874,Ryan,hrwztko,jdgpxzq@gmail.com
875,George,runwdug,zjosiig@gmail.com
876,Ronald,ijyhcko,pfjlqqe@gmail.com
877,Miguel,wjmbwyz,wpgrlna@gmail.com
878,Cynthia,hqjhjny,gapdpia@gmail.com
879,Gregory,nlpjjgh,qmaatpj@gmail.com
880,Diane,mqubikj,wuzzplv@gmail.com
881,Maria,tfksrgw,swonrce@gmail.com
882,William,fwlehyv,dkgdrnk@gmail.com
883,Clint,jzgpbbp,mhguklu@gmail.com
884,Marjorie,gmmqwwn,zwnmbni@gmail.com
885,Eleanor,fsntbvw,tacoikx@gmail.com
886,Robert,sbhmayn,gavmtzy@gmail.com
887,Vivian,xhfcpvx,xyoonfa@gmail.com
888,Christine,oerbayl,tqrjzdy@gmail.com
889,Evan,eefhhvt,ibivpab@gmail.com
890,Jason,gawamep,natamqp@gmail.com
891,Clinton,xmszhfn,qpcxczv@gmail.com
892,Florence,exiidhc,ewqptrf@gmail.com
893,Thelma,vjfnrot,kfmnpyh@gmail.com
894,Beverly,ecekeny,bxtgpdb@gmail.com
895,Amanda,hwpstnq,qkzonue@gmail.com
896,Mark,yrjcnse,eukyhjy@gmail.com
897,Jeanne,cilwevt,lwdtnul@gmail.com
898,George,sggekij,pqwolwf@gmail.com
899,Jennifer,jckzipk,hymxsid@gmail.com
900,Brandi,gapndvz,xkeempc@gmail.com
901,Mary,ozfnnlr,dqojevl@gmail.com
902,Margaret,otqjtvv,rwyibtn@gmail.com
903,Sheri,gygvmgf,abybvih@gmail.com
904,Angela,ggxjfty,cebvdej@gmail.com
905,Rae,qdkjjib,flzzdrx@gmail.com
906,Lucile,qqvyfjt,ostozfd@gmail.com
907,Dorothy,jyfacyo,qidcklt@gmail.com
908,Thomas,trxevvh,rxcolkx@gmail.com
909,Andre,qgfaewe,enddvic@gmail.com
910,Alfreda,nzdxmym,euhkyrs@gmail.com
911,Wade,khviioi,jsevvhv@gmail.com
912,Charles,jcpnfax,ibwqjnz@gmail.com
913,Dustin,nufwqdx,abneqhz@gmail.com
914,Donald,ccmlikn,fpjpkng@gmail.com
915,Donnie,zkgbnzf,cxwsbne@gmail.com
916,Mark,gvsvsxx,copwfyl@gmail.com
917,William,clfuyft,mpzqass@gmail.com
918,Luke,zqhtizi,dnkcssa@gmail.com
919,Lucy,ftryuay,xaxhjqf@gmail.com
920,Maurice,ysrtsdh,pvddxmy@gmail.com
921,Mario,aytjljz,xbhfwev@gmail.com
922,Peggy,bvxoupd,xkxlpjz@gmail.com
923,Bernice,hgvtboi,lrsmkcn@gmail.com
924,Robert,zrkuscm,gmuqknv@gmail.com
925,Richard,wkdvhrz,hdvqpfe@gmail.com
926,Craig,hoggilk,pppkaso@gmail.com
927,Donna,yxrnrzj,nxwldpx@gmail.com
928,Michael,ycpzubs,cgcyaer@gmail.com
929,Diane,wuyizen,durkmul@gmail.com
930,Linda,wfkkcyr,bzhpkyr@gmail.com
931,Christopher,vwdcmpf,oxvxewe@gmail.com
932,Aileen,txguyym,gibiwyf@gmail.com
933,Shane,potgmyg,ppijgey@gmail.com
934,Kenneth,mawapdt,lpvcetg@gmail.com
935,Dana,qtzypih,laspuwh@gmail.com
936,Gerald,vtemlpz,poftzwz@gmail.com
937,Kent,bgerrkt,vmffuqu@gmail.com
938,Sanford,yxqtkfq,zofxkkc@gmail.com
939,Allen,oqvjsvb,pkfamdv@gmail.com
940,Kimberley,jmoopqa,zbqhaqh@gmail.com
941,Nellie,tdfxvqq,yuewuvz@gmail.com
942,Meagan,pflxxlk,sognnby@gmail.com
943,Kayla,bocgbvf,zmpyumb@gmail.com
944,Ruth,tqfvrjg,kgpudon@gmail.com
945,Diane,rnswfhf,izsxtan@gmail.com
946,Paul,kcefyib,uschsvr@gmail.com
947,Mary,nyydhtb,saufion@gmail.com
948,William,qfymlxx,bccxspv@gmail.com
949,Frank,fuvuyei,ghbuogg@gmail.com
950,Evelyn,qmghmwi,dvmvdmo@gmail.com
951,Sarah,ssubmto,lnbypkv@gmail.com
952,Donald,lanbuvm,xvhxuop@gmail.com
953,Fermina,txkmhud,jggdqdf@gmail.com
954,Sylvia,miqviwd,gecmvko@gmail.com
955,Ella,rsjjwbj,zilpnwe@gmail.com
956,Laura,ngjzdip,qnqsnvp@gmail.com
957,Karen,aaffcvu,fawfugv@gmail.com
958,Cynthia,nusepbl,vyebajk@gmail.com
959,James,yxjeyai,yrvcfzh@gmail.com
960,Gary,ncekgqr,hxmbkej@gmail.com
961,Frank,ksadtli,hqmfjuu@gmail.com
962,Brittany,osqhvod,dzqokof@gmail.com
963,Mary,lerdhjq,abwzhjs@gmail.com
964,Donald,mszlctm,gmvfxxn@gmail.com
965,Joseph,uovhfak,vrgbsgt@gmail.com
966,Reginald,yuybbpm,gwvfnxg@gmail.com
967,Jason,jlccuta,tcupvlu@gmail.com
968,Joseph,haveyoh,ojyowgn@gmail.com
969,Leoma,whoakwx,gydokcu@gmail.com
970,Simon,kuqmvpp,qnzkkbo@gmail.com
971,Michael,crsekvh,txvxnwf@gmail.com
972,Lois,ephxqfl,lidpuxr@gmail.com
973,Lillie,rwgurbm,wwunhjd@gmail.com
974,Chad,xblcrye,cfruiyq@gmail.com
975,John,kkssomc,hjxbiza@gmail.com
976,Vickie,rodbgmu,elucadl@gmail.com
977,Kelly,prtjgcb,jhrbjcs@gmail.com
978,Richard,neyxqsp,doldzfm@gmail.com
979,Werner,ypfehyx,scctsva@gmail.com
980,Frank,stueqev,izycmth@gmail.com
981,Gabriela,xwuhhqt,bmnsbem@gmail.com
982,Willie,mjwella,xlyegfz@gmail.com
983,James,gjyrrbu,eedlrrb@gmail.com
984,Joyce,lpmlvav,nliqegy@gmail.com
985,Dorothy,iildbvu,lefwall@gmail.com
986,Justin,ixxcdak,ehxfzsn@gmail.com
987,Anita,zjaufzi,cddjdfa@gmail.com
988,Linda,zyqeylr,yszbefx@gmail.com
989,Thomas,oercadc,rvzcliz@gmail.com
990,Danielle,zgomaom,yqoandp@gmail.com
991,James,razwdqd,blnengi@gmail.com
992,Martha,cwxmbtf,xfgxlmo@gmail.com
993,Wanda,lhxpjrl,ztulkkw@gmail.com
994,Ramona,abiuppo,tyohmkz@gmail.com
995,Carl,jzfzjrv,bedrdqk@gmail.com
996,Evelyn,xmehlmh,krxlhwd@gmail.com
997,Ethel,xzmpfzo,mwqivkx@gmail.com
998,Robert,dozbsch,pkhoxix@gmail.com
999,Steve,vdhnruy,wfyawjf@gmail.com
1000,Dixie,korsdqb,diugaub@gmail.com
1001,John,ixvkamr,tyufmku@gmail.com
1002,Michelle,ddbmczb,iidpzws@gmail.com
1003,Dorothy,tsrtomr,lqcemte@gmail.com
1004,Frederick,rxhfivr,nwbjrpj@gmail.com
1005,Kathryn,lwsbfvg,mkninvx@gmail.com
1006,Humberto,qyiugkq,qmoofup@gmail.com
1007,Judy,vhdrliw,fvdqvhp@gmail.com
1008,David,kcvucfc,smyiliq@gmail.com
1009,Ralph,atidkbr,kayazut@gmail.com
1010,Walter,belaraw,qhsnhba@gmail.com
1011,Joshua,zwjmffn,cvtfzcs@gmail.com
1012,Timothy,fdtgsgh,vobibkv@gmail.com
1013,Loyd,zlyurso,njhcfij@gmail.com
1014,Edward,bdjggcd,gupucti@gmail.com
1015,Lindsey,xikttfk,vwcoctv@gmail.com
1016,Brian,qgbhblj,kxtfxhm@gmail.com
1017,Barbara,xvuvjow,xmfmbdp@gmail.com
1018,Corie,zakbawg,zcaajie@gmail.com
1019,Bennie,tgonfxq,zsjmred@gmail.com
1020,John,wtyteoj,cinbtbi@gmail.com
1021,Deborah,tluvfnb,hcktter@gmail.com
1022,George,dokbxzo,enhrnvx@gmail.com
1023,Christine,mzkwgps,touzctg@gmail.com
1024,Al,olwrjjf,gqbnzpk@gmail.com
1025,Bennie,ggeccev,ldahbhg@gmail.com
1026,April,tverdfu,mubntse@gmail.com
1027,David,otaowjx,zpoybtp@gmail.com
1028,Angel,qzzfzjo,ismglwt@gmail.com
1029,Freda,nsxperi,lnqzhhu@gmail.com
1030,Darlene,plywztm,uqjmviw@gmail.com
1031,Richard,omyijsf,qjjrjst@gmail.com
1032,Priscilla,hlqptuw,fdhojyc@gmail.com
1033,Jeremy,rwfavgs,negejwj@gmail.com
1034,Nathan,qxgetzx,qqvgmta@gmail.com
1035,Kevin,pyuymak,chppxnm@gmail.com
1036,Diedre,iffsayf,kmnyxnc@gmail.com
1037,Nita,isuvpto,negkyai@gmail.com
1038,Ashley,lcupamv,yfjaodw@gmail.com
1039,Barbara,pdowibm,saaiknw@gmail.com
1040,Melissa,btabgpk,wyusvha@gmail.com
1041,John,tejkdxl,uwqgevz@gmail.com
1042,Barry,cylhkld,xdpwetl@gmail.com
1043,Debra,ollkmht,idchwvi@gmail.com
1044,Terry,xshkdhz,jxijmhx@gmail.com
1045,Patrick,tlyxfwb,shhlqgv@gmail.com
1046,Cheryl,xeexels,keyaztx@gmail.com
1047,Maria,tdglrqt,sgvdvbe@gmail.com
1048,Frances,oqiwjhf,rsdbafu@gmail.com
1049,Danny,vvgxhxq,gghnxws@gmail.com
1050,Heather,jtgzord,trvpwni@gmail.com
1051,Patricia,fxcbrmo,prxzszx@gmail.com
1052,Mildred,aviwvmv,dclnqke@gmail.com
1053,Joy,sqaxkqx,tqxdrdn@gmail.com
1054,Samuel,gazzbhd,hdbtsyo@gmail.com
1055,Sandra,djebohu,fypdnci@gmail.com
1056,Lindsay,lupjbqg,kgjmtvq@gmail.com
1057,Emmanuel,jquxxmw,evvyvkv@gmail.com
1058,Ella,njjkfdk,rtmlxnq@gmail.com
1059,Lonny,qepxnzd,xbicquf@gmail.com
1060,Christopher,pqyyyqb,iilukcx@gmail.com
1061,Ruby,oasctuf,lgvbpur@gmail.com
1062,Tina,dwmeehz,qehqfgk@gmail.com
1063,Sandra,lxclxrk,orodusp@gmail.com
1064,Juan,vgsklmb,pblvtiz@gmail.com
1065,David,jepszbt,kcjkkcz@gmail.com
1066,Charles,tumnoeb,zdmsqqh@gmail.com
1067,Gary,flvxzsd,ujtbiin@gmail.com
1068,Shane,zvbxrzi,mmpxgsa@gmail.com
1069,Cathy,wcuiqhn,lxfrmpb@gmail.com
1070,Laura,iaqqmbb,jpytvyz@gmail.com
1071,David,eazmgzr,xltdeis@gmail.com
1072,Gabriela,ubbfsxh,aattnlr@gmail.com
1073,Phyllis,bvjecli,ozdzhij@gmail.com
1074,Agnes,vxdrqhq,luvngqo@gmail.com
1075,Mark,bcssest,aajhvhy@gmail.com
1076,Lorraine,bcduwaq,zvhpcsi@gmail.com
1077,Yetta,yvrjnyc,wjfqwaf@gmail.com
1078,Roscoe,nrfkrhb,svpcsrx@gmail.com
1079,John,phygsiv,etvigoc@gmail.com
1080,William,jajhbrd,tqtlaqb@gmail.com
1081,Robert,yayblzx,ymhkwlr@gmail.com
1082,Brian,gyvumpe,odxflyt@gmail.com
1083,Cynthia,lxmsuir,sqqzkfb@gmail.com
1084,Mildred,vxbdhme,kbacmvg@gmail.com
1085,Juana,kyotdrj,jodsqcw@gmail.com
1086,Elizabeth,vdofqsg,fovpngl@gmail.com
1087,Maria,hmghyha,whwxgae@gmail.com
1088,Nancy,oybdimg,dudjxux@gmail.com
1089,Willie,xudswda,ajrkdrw@gmail.com
1090,Tony,ffnckly,uybgzce@gmail.com
1091,Jesse,ydepded,pcwuudy@gmail.com
1092,Kimberly,bxpgndk,sngfnoy@gmail.com
1093,Tanisha,wofgnkl,swhelew@gmail.com
1094,Rachael,xinftrb,tapnans@gmail.com
1095,Gregory,czhtfqi,ysxppay@gmail.com
1096,Joshua,evqhexs,zqdxchi@gmail.com
1097,Frances,jpefvlz,vjrfhjv@gmail.com
1098,Joan,zwmvtev,xzehkce@gmail.com
1099,Doyle,wvlhpxz,aeeydkh@gmail.com
1100,Marie,jxdibaa,kyeovso@gmail.com
1101,Donald,mclkpqi,dpsokgg@gmail.com
1102,Nolan,obgolpe,gmmgqxx@gmail.com
1103,Diana,hyarnit,opclqkb@gmail.com
1104,James,qsltavy,cistrwd@gmail.com
1105,Evelyn,dgkvoyn,mrrmjus@gmail.com
1106,Sally,lmxsltr,ababpxv@gmail.com
1107,Doris,cjuzdjy,mrgfgmi@gmail.com
1108,Charles,bamneaz,jgkqcer@gmail.com
1109,Ralph,routlzr,nibedqq@gmail.com
1110,Chester,hbttgxh,ldetclw@gmail.com
1111,Shelly,qjozbmq,pvitbqb@gmail.com
1112,Victoria,upddops,jwldzqq@gmail.com
1113,Sarah,hgmeltk,cnzbfum@gmail.com
1114,Tiffany,jjyyenv,lgcukbw@gmail.com
1115,Kathleen,lfvcaqv,wlncknk@gmail.com
1116,Thomas,wrohoqn,ezaqpim@gmail.com
1117,Tony,cgsuiyz,paoxgcb@gmail.com
1118,Paul,dxsexgg,hgnclmf@gmail.com
1119,Ola,ibbjuzt,rqbbwse@gmail.com
1120,Julie,cqbdawg,ddxxiyt@gmail.com
1121,Shantel,cvdwrrz,nqzfycv@gmail.com
1122,John,lxjhblz,nxctwij@gmail.com
1123,Christian,kjybimy,dqxpvix@gmail.com
1124,Stephanie,zhysegk,jfgwzkd@gmail.com
1125,Michael,xdjlqsj,lizxpxf@gmail.com
1126,Grace,cdsguzz,qutuxcn@gmail.com
1127,Mark,dylnnmo,qccjkll@gmail.com
1128,Donald,aaftblv,bpnikwk@gmail.com
1129,Hazel,cqjzhxx,snjcjit@gmail.com
1130,Paula,zozdmpn,dxmgxly@gmail.com
1131,Gordon,mezfimm,xuyghxu@gmail.com
1132,Ronald,gtxmlja,iqewtww@gmail.com
1133,Carrie,wmlhcte,qhzpnwn@gmail.com
1134,Quintin,uewiaao,sdpnqyt@gmail.com
1135,Corinne,ridomxk,lnukkhg@gmail.com
1136,Jennifer,avensin,kykjwmd@gmail.com
1137,Shannon,winrdec,wmuktfj@gmail.com
1138,Arthur,yxjhrnz,mqxdtsm@gmail.com
1139,Olivia,ijuzkqi,vjdsith@gmail.com
1140,Denise,qrkjkcu,ecjasbo@gmail.com
1141,Felton,eeijwoh,aksrqov@gmail.com
1142,Sandra,gzkpnuh,hvxpmtr@gmail.com
1143,Kevin,xwpvzyy,pnloobp@gmail.com
1144,Doris,mqvtmcl,jpgprtf@gmail.com
1145,Ronald,uhftqho,uuebzea@gmail.com
1146,David,lwrvbif,iiakwpx@gmail.com
1147,Anita,fmbdorz,lpmjgof@gmail.com
1148,Janet,sezdmob,zngbbcz@gmail.com
1149,Hannah,nfeczdc,acfyrat@gmail.com
1150,Benjamin,gbjxhly,gsqvwgt@gmail.com
1151,Cynthia,creavty,dwsnqyc@gmail.com
1152,Ronald,uzgrqms,xuvlobz@gmail.com
1153,Angela,cggvubx,wqzgdto@gmail.com
1154,Angel,rcfzmaj,cvgfvnz@gmail.com
1155,Jesus,uzeezpd,aralrih@gmail.com
1156,Dorothy,sogwcpk,kpnugso@gmail.com
1157,Donna,ezzvoku,lgodiuf@gmail.com
1158,Ana,rzzkkqo,hkdpngl@gmail.com
1159,James,rcvqpkc,ljwxqcr@gmail.com
1160,Mary,xggaeyb,kdvceiq@gmail.com
1161,Harold,dpsdjto,roonadu@gmail.com
1162,Ronnie,hkwuqbd,qlwefpk@gmail.com
1163,David,wrzivmq,dtyozgl@gmail.com
1164,Lisa,nevqvdr,wpihwcy@gmail.com
1165,Jorge,yqgpgji,mytmodk@gmail.com
1166,Ralph,yqvchzh,vdsxfbk@gmail.com
1167,Howard,llbxfgo,vrpanau@gmail.com
1168,Wallace,xtfzvuh,kxlxesm@gmail.com
1169,Elias,vtccxhg,ijerchn@gmail.com
1170,Deborah,efkdvhr,zluhayy@gmail.com
1171,Fredrick,eeytdqa,rfxaecr@gmail.com
1172,Jonathan,uyconkb,fdqwdaf@gmail.com
1173,Kenneth,pnwmoqs,qnypmjr@gmail.com
1174,Mary,dyswuvl,pllouuo@gmail.com
1175,Stephanie,iharynr,ounzrnu@gmail.com
1176,Marvin,dqzyrue,hhputxi@gmail.com
1177,Rose,neicald,gkfjerr@gmail.com
1178,Carol,xtwnnwi,kbgznar@gmail.com
1179,Eva,bzpwwbg,kmygsyx@gmail.com
1180,Teresa,cgaxwnp,ceswior@gmail.com
1181,Julius,cuhikzd,uyvevtw@gmail.com
1182,Carl,iaeeejz,rxsqlqm@gmail.com
1183,Alice,eoryuco,ksyaxqc@gmail.com
1184,Carl,oypgdsc,ssvauvn@gmail.com
1185,Nicole,fknkrnr,olljrwg@gmail.com
1186,John,hdwrbrt,dpksadc@gmail.com
1187,Bruce,wukgxjx,zvnpvba@gmail.com
1188,Lena,omnbxny,cyracyl@gmail.com
1189,Harry,wtejbvo,vjkdhzy@gmail.com
1190,Phyllis,brrgzuq,yyvcjho@gmail.com
1191,Tiny,qnzzlwt,ptzvevr@gmail.com
1192,Laurie,inhlygq,vgogpep@gmail.com
1193,Dennis,atyczbm,cnaexpl@gmail.com
1194,Lynn,yqxract,jmejfgs@gmail.com
1195,Brandon,eyhewce,scubqxm@gmail.com
1196,Debbie,khkaovd,zhqeszj@gmail.com
1197,Lindsay,haiywpg,pvptyxa@gmail.com
1198,Gerard,kzshnsm,gdnypnn@gmail.com
1199,Earle,csjkqah,ledqsrd@gmail.com
1200,Betty,ihqlbuq,caymvwd@gmail.com
1201,Warren,vcghsfy,vophsyo@gmail.com
1202,Keith,yytibwu,kkeqtzf@gmail.com
1203,Esmeralda,bcrwdyl,mnoocmh@gmail.com
1204,Patricia,dcajsdr,uggvdrv@gmail.com
1205,Virginia,bknpauy,rxnomio@gmail.com
1206,Hattie,gprhvwx,hpgxqai@gmail.com
1207,Randy,avtvafx,qaxeanx@gmail.com
1208,Rose,mwttike,kzguxjy@gmail.com
1209,Josephine,zpnmlli,cqmrsrs@gmail.com
1210,Stuart,ungrsmi,kjxbacm@gmail.com
1211,Richard,dkcacik,anfvmtl@gmail.com
1212,Fernando,tfomhyl,yskuqvm@gmail.com
1213,Iona,zigrury,tnwutmq@gmail.com
1214,Judith,zqswaup,hdnwfvk@gmail.com
1215,Iris,dnbyohf,mzzohkn@gmail.com
1216,Vera,avpakme,bjomzrg@gmail.com
1217,Jeremy,fvliiqb,yoyondl@gmail.com
1218,Lara,mjiszwn,xpacwgt@gmail.com
1219,Clifton,nyfdrty,xnfxwde@gmail.com
1220,Theresa,cdoqoxj,zphbkqs@gmail.com
1221,Horace,lluiuaj,torvuwd@gmail.com
1222,Thaddeus,plnxjaf,kxmnkiy@gmail.com
1223,Jose,lknwjnw,kllzcia@gmail.com
1224,Dennis,jkuezlh,pvbdsgo@gmail.com
1225,Sophia,nykjwyn,qskrcvd@gmail.com
1226,Barry,bfmiqtp,xfgvghu@gmail.com
1227,Alexandra,anfbldz,ajtcgku@gmail.com
1228,Lena,lgyfunv,xqvkrfq@gmail.com
1229,Antonio,zmcvfkh,aqnmonk@gmail.com
1230,Scott,dlnygaz,mbstuzl@gmail.com
1231,Katharine,njuhdai,qbcsqag@gmail.com
1232,John,ixvjlpn,mjgreef@gmail.com
1233,Mark,ahrxcxe,klrahre@gmail.com
1234,William,mjgpepe,vbyecjn@gmail.com
1235,John,kgylmfv,uziwhss@gmail.com
1236,Clinton,skumshp,apfpkeo@gmail.com
1237,Marcelo,xmibzyn,ficzwll@gmail.com
1238,Martha,cznppvt,twpmhij@gmail.com
1239,Vicki,kiozjqf,xkfjczm@gmail.com
1240,Tammy,ghghbif,jilstrw@gmail.com
1241,Sandra,bsavazx,psxbjlv@gmail.com
1242,Grace,sjlpndq,lynkxgn@gmail.com
1243,Carol,mcvbunx,jfuypgd@gmail.com
1244,Dorinda,awjlpgv,bydhhrc@gmail.com
1245,Thomas,sjkaxqb,tfdurmr@gmail.com
1246,Stephanie,mpsnnuc,xhaftin@gmail.com
1247,Nicole,rloufqi,vbmesok@gmail.com
1248,Daniel,ltfqdvh,lptbwtb@gmail.com
1249,Rachel,rxovphj,isvfoau@gmail.com
1250,Roy,qzsteeb,recuusc@gmail.com
1251,Jose,ekktdkm,hytazjx@gmail.com
1252,Kenneth,blygemk,texrpdo@gmail.com
1253,Robert,tqwkxkz,slhwqzb@gmail.com
1254,Allison,vshwcpa,kgdhkjs@gmail.com
1255,Gladys,vclflur,xzicpgh@gmail.com
1256,Joe,zwfqrzg,hlcgbdc@gmail.com
1257,Victor,bolfvqr,wakbsqd@gmail.com
1258,Michelle,onsokze,aaebqnw@gmail.com
1259,Russell,zuiekxz,ofuoydg@gmail.com
1260,Marie,dopirli,pguwjzp@gmail.com
1261,Debra,awbapon,ckebtpq@gmail.com
1262,James,ehnbccp,vfyhcuu@gmail.com
1263,Stacey,qcmniac,goxgkhf@gmail.com
1264,Ronald,yyijsvh,ccbltjp@gmail.com
1265,Christi,qgyaghp,vptgcdm@gmail.com
1266,Mary,yodqisa,ckggrlc@gmail.com
1267,Patrick,wwrkrtz,enugpvg@gmail.com
1268,Wanda,dhqwmzo,kvaveme@gmail.com
1269,Marilyn,sovjvoo,yhdwywa@gmail.com
1270,Luis,ljeciuj,kzowbcq@gmail.com
1271,Catarina,idpylvr,fwozxfk@gmail.com
1272,Alison,uevlrfh,ywvqmej@gmail.com
1273,Richard,orchwyy,uyyxsai@gmail.com
1274,Christina,fmiakyf,earpyzb@gmail.com
1275,Jeffrey,ravqojj,noxvxth@gmail.com
1276,Julius,tblfooa,idviwve@gmail.com
1277,Jimmy,qlkzajj,ahuqubt@gmail.com
1278,Sharon,cxduafc,rxtgtqn@gmail.com
1279,Henry,pambviz,biuslnh@gmail.com
1280,Michael,mndzvws,kilejcs@gmail.com
1281,Rosa,zqlfjro,wlgsmfl@gmail.com
1282,Matthew,glpphzo,ohuuyxz@gmail.com
1283,Tricia,ntbfpar,kmnfqxf@gmail.com
1284,Alecia,cdbhosq,fheejto@gmail.com
1285,Tanya,nikmmjv,vzdnnyh@gmail.com
1286,Robin,tuxqofj,rovgehl@gmail.com
1287,Judith,ndqcvhv,tythiyn@gmail.com
1288,Shirley,cubtbgg,syfaekm@gmail.com
1289,Francisco,vnnsriu,erekihw@gmail.com
1290,Richard,imvzypu,xklivbs@gmail.com
1291,Oscar,rmbinic,yqftdaf@gmail.com
1292,Marcia,nzlkjgm,vovtjhv@gmail.com
1293,Susan,mjqfynl,kvjdecj@gmail.com
1294,Mike,rkcvtew,ciszoev@gmail.com
1295,Stephen,eoloffo,gipotdg@gmail.com
1296,Emma,cwkrcni,seykedp@gmail.com
1297,Wade,odsjqum,bknfkja@gmail.com
1298,Eugene,vcgiukq,kxcqwkv@gmail.com
1299,Oliver,zqwfhcf,vkszwmv@gmail.com
1300,Gabriel,ovonmdo,jgzgxcq@gmail.com
1301,Vesta,tauhafh,flidtmb@gmail.com
1302,Cheryl,ypkcfce,ztekilj@gmail.com
1303,Wendy,xydeoiu,cknhdgp@gmail.com
1304,Archie,mnkcgud,oamuybg@gmail.com
1305,Barbara,pmjacti,grzhajd@gmail.com
1306,Michele,ljrxari,dymiqyj@gmail.com
1307,Lauren,mqahdbj,iqfafln@gmail.com
1308,Kenia,yvzgmjr,nlojqfq@gmail.com
1309,Beatrice,xoeoiqn,csmtggp@gmail.com
1310,Natalie,zmskjpg,ssfaunn@gmail.com
1311,William,knpoqxa,fmtonai@gmail.com
1312,James,bzvpvix,qqsuzjt@gmail.com
1313,Sherry,zrcmsuz,cebcbou@gmail.com
1314,Jason,toazcik,tiaygoq@gmail.com
1315,Julie,ujmdslx,bvmffcc@gmail.com
1316,Henry,isdpbdw,lgjzbvj@gmail.com
1317,Pearl,nicsfaa,vtmcpll@gmail.com
1318,Lydia,vqpkxxe,bwakgtf@gmail.com
1319,Sherry,cuyybwp,pytmhol@gmail.com
1320,Frankie,xsmlywb,dzbfxvi@gmail.com
1321,Martha,nxacpvn,hasgyhi@gmail.com
1322,Guy,ypvsjsq,pxqfrkv@gmail.com
1323,Marie,gztdhik,pkfcbdn@gmail.com
1324,Beatrice,erdaprq,afeycmh@gmail.com
1325,John,izckdmn,kmtdmwo@gmail.com
1326,Donna,gffysmf,wdsruuc@gmail.com
1327,Dennis,ybspadp,bghvcih@gmail.com
1328,Sammy,mccgyeq,fqsssxi@gmail.com
1329,Anna,mclzyrw,jrdtsyx@gmail.com
1330,Robert,jctmwqb,blkyflp@gmail.com
1331,Vincent,cevjlzg,hhyvnov@gmail.com
1332,James,zsqsjnc,dmkqubh@gmail.com
1333,Vincent,unzbulf,imaoixo@gmail.com
1334,Earl,rtqmsvd,txpbrym@gmail.com
1335,Rita,gtdoaza,tryytgo@gmail.com
1336,Maxine,bcveotn,ntqzxkj@gmail.com
1337,Christopher,wodxjnv,niqykzw@gmail.com
1338,Michael,xexzuec,uoudima@gmail.com
1339,Peggy,tqaihno,kgmfaka@gmail.com
1340,Joseph,hlwwowv,gqukhwo@gmail.com
1341,Mildred,uyewdsx,isgcuno@gmail.com
1342,Bart,yvgorse,nmkcnat@gmail.com
1343,Rita,kcyfdoy,dsrergp@gmail.com
1344,Marcella,fihkivl,jivhpab@gmail.com
1345,Glendora,uknpamj,lcpmdaa@gmail.com
1346,Joyce,fzswypo,hcnqsva@gmail.com
1347,Alice,fjdmcee,zhyzlkx@gmail.com
1348,Vanessa,xuimqeh,ecohngj@gmail.com
1349,Regina,nyggpku,zvecivn@gmail.com
1350,John,tcngpoz,ytwxvho@gmail.com
1351,Mabel,zhytsoh,eaagizk@gmail.com
1352,Emily,wollqnp,ylskmmq@gmail.com
1353,Stacia,uijszqy,fycdjlf@gmail.com
1354,Summer,lcnhmni,plgyhjc@gmail.com
1355,David,xmsumra,agzneiw@gmail.com
1356,Patrick,vajvwnk,lxeqccg@gmail.com
1357,Lara,bzzaajq,fqfngcd@gmail.com
1358,Suzanne,pkcfcka,pvhpduy@gmail.com
1359,Mary,ywcxvlo,eiwpqef@gmail.com
1360,Roger,hczrhay,nnjhezk@gmail.com
1361,Earlene,twmuayb,iqsaszh@gmail.com
1362,Richard,cijukax,kypukvo@gmail.com
1363,Carol,pcuvwcs,nwefmlk@gmail.com
1364,Patricia,vkgvnlp,pmtghzp@gmail.com
1365,Matthew,zrutrjx,qsbrtie@gmail.com
1366,Lynn,rufhdlp,hyeizvk@gmail.com
1367,Alexis,kbalblt,bctzodu@gmail.com
1368,Kelly,fczgkim,yhtwghb@gmail.com
1369,Daniel,tanpgis,bwjrrqi@gmail.com
1370,Linda,dsrlzba,qwwpjvl@gmail.com
1371,Shirley,cbetkwo,xsbjpkt@gmail.com
1372,Jose,xiveqkw,oounluo@gmail.com
1373,Beverly,cxyxdgv,oxedvga@gmail.com
1374,Angie,vwdujfj,lacrsni@gmail.com
1375,Emily,oyhoygz,wqyvabg@gmail.com
1376,Joshua,dzcscpv,jqjddif@gmail.com
1377,Edward,oxatdqw,blkzxms@gmail.com
1378,Carla,nkzaxbq,cuonhtz@gmail.com
1379,Jimmie,iblxoal,iwcfiip@gmail.com
1380,Christian,ybcboql,ucsrnjr@gmail.com
1381,Robert,hjjkrdb,oqrjcwa@gmail.com
1382,Opal,aiuigwm,apomoht@gmail.com
1383,Timothy,xcfxyze,ljcvrha@gmail.com
1384,Josephine,pmjzrfe,gmbfqzj@gmail.com
1385,Farrah,madseks,dgdtvvp@gmail.com
1386,Dennis,ojxuflj,comaezb@gmail.com
1387,Doris,ydvogtj,qwggfiq@gmail.com
1388,Richard,iluecms,wjfwrcz@gmail.com
1389,Maya,sbxmpiw,reoyiuj@gmail.com
1390,Patsy,yfjkrak,meoblue@gmail.com
1391,Deborah,hocvxmf,zbvfgfi@gmail.com
1392,Denise,xnwgdtm,vebowbe@gmail.com
1393,Frank,scvglau,qtqrgma@gmail.com
1394,Ricardo,xburfjs,kwdidzb@gmail.com
1395,Jimmy,mnwoqid,axwqwmb@gmail.com
1396,Beverly,rdegfhq,uqzkora@gmail.com
1397,Michael,bfeysig,mfvzvji@gmail.com
1398,Caroline,xmisupr,qcjhwfy@gmail.com
1399,Elaine,uviocpe,rmknuvm@gmail.com
1400,Flossie,viftgbu,nusdjid@gmail.com
1401,Florence,khvpjns,fquqimi@gmail.com
1402,Carol,gxtipar,xpolwxz@gmail.com
1403,Irene,begyfty,zlnlykv@gmail.com
1404,Frank,ueiijny,ihzzbvb@gmail.com
1405,Eric,cphjcdl,whfdwfa@gmail.com
1406,Doris,wuwbopv,flriogs@gmail.com
1407,Rudy,jxhbtxl,xzretve@gmail.com
1408,Dana,jzasrcm,bqvhpaa@gmail.com
1409,Jane,gctbodk,llwqric@gmail.com
1410,Jackie,mqtviys,wvdnghv@gmail.com
1411,Ana,zwtriqj,avbdcqe@gmail.com
1412,Lauri,jvqadzk,pdhtyug@gmail.com
1413,Brenda,wptbhus,zdgcwci@gmail.com
1414,Jewell,xojhtso,bthgyjf@gmail.com
1415,Michael,cymdoqr,cjftonm@gmail.com
1416,Robert,fiqxcis,gdmppuc@gmail.com
1417,Dorothy,rzuqrxr,gzodkly@gmail.com
1418,Scott,mrkrnda,mbfjiov@gmail.com
1419,Maribel,hkcscpg,pfkvgeg@gmail.com
1420,Elmer,gvfiowi,lcpgpzj@gmail.com
1421,Patty,gvlgebe,bdolwqj@gmail.com
1422,Manuel,jqzvrxl,jyzouvh@gmail.com
1423,Sophia,pmftzdb,wzgnldf@gmail.com
1424,Susan,ulsszxh,rthtxwe@gmail.com
1425,Petra,ipxfsqg,pqvdfxv@gmail.com
1426,Laurie,dkmevwz,ekxsufn@gmail.com
1427,Marc,cizfjwf,nmdiqqp@gmail.com
1428,Tara,jrrpaul,hpbqktj@gmail.com
1429,Stephanie,zydzlwg,dfuwdew@gmail.com
1430,Becky,ayfgvss,izufcrl@gmail.com
1431,Derrick,xiatbte,dderuni@gmail.com
1432,Edith,xghrwbu,leieodz@gmail.com
1433,Michael,asmbsao,czcjlwh@gmail.com
1434,June,qlnmmdx,khypdzq@gmail.com
1435,Elizabeth,xqkeodb,fwsxipe@gmail.com
1436,Jean,wdlbioz,ewpprir@gmail.com
1437,Monica,jjqgnuz,ctqfweb@gmail.com
1438,John,sqovfca,cohelxi@gmail.com
1439,Mary,ngwsyih,yszdrkm@gmail.com
1440,Harold,opimcas,gkwcyhf@gmail.com
1441,Jesse,qhbagco,pjrhrgb@gmail.com
1442,Marie,zekhglw,tedzjrw@gmail.com
1443,Daniel,zhptgbb,yzxvdxy@gmail.com
1444,Melissa,kywnqar,zuetjcn@gmail.com
1445,Kevin,wmqpurp,cnhiijm@gmail.com
1446,Lisa,zrljyyl,zmdtnvu@gmail.com
1447,Kathryn,yootmta,qolwnle@gmail.com
1448,Judy,evwsoyx,dgdhfvx@gmail.com
1449,Lane,fzqwuaz,ifdcvwg@gmail.com
1450,Adam,wyosgbc,tfoktln@gmail.com
1451,Gloria,proohxo,bpgsjij@gmail.com
1452,Daniel,rcaburt,xvlaxsy@gmail.com
1453,Tamika,hqflnkf,lthvrny@gmail.com
1454,Theresa,zumkksb,wtbgsjq@gmail.com
1455,Carolyn,jahzahh,ukzjstk@gmail.com
1456,Alina,rjfahjr,eicgndq@gmail.com
1457,Cheryl,awnyxop,rcxwhfc@gmail.com
1458,Larry,ucxuart,derwhuk@gmail.com
1459,Barbara,wewqfub,dcayikl@gmail.com
1460,Gregory,gnlzljh,craoart@gmail.com
1461,Edie,oapqtyv,cnmiyar@gmail.com
1462,Kimberly,jzxhvca,qptdgxm@gmail.com
1463,Jennifer,ngetiij,firarbq@gmail.com
1464,Bertha,mpqzffy,czqbwsn@gmail.com
1465,James,lxlfvnx,ofhbbcq@gmail.com
1466,Willis,fwdmfcw,emhoiqc@gmail.com
1467,Patricia,lgtuwxx,txuvncf@gmail.com
1468,Pedro,dhkccfj,lkjftoy@gmail.com
1469,Charles,ffljhgg,zlzwecq@gmail.com
1470,Maria,dkxllki,brkanqn@gmail.com
1471,Emma,qpbyree,tffokgc@gmail.com
1472,Carmelo,ktfheiy,whoomxi@gmail.com
1473,Jason,arasqco,puhzywc@gmail.com
1474,Courtney,wzqehyo,vpenpfb@gmail.com
1475,Harold,ikwnvvm,xrctgia@gmail.com
1476,Karen,ngenplq,epzdmvv@gmail.com
1477,Mary,wkwbdaf,xsfffjv@gmail.com
1478,Jason,mweqtnf,ijrwtbq@gmail.com
1479,Heidi,joyrgdk,gvyeryf@gmail.com
1480,Anne,ixjbref,ezuvphc@gmail.com
1481,Elvira,ncinuyg,dxpfcii@gmail.com
1482,Floyd,waxgmqt,mtcnohb@gmail.com
1483,Ryan,liajdum,ahliizz@gmail.com
1484,Joseph,kssthls,dseedbi@gmail.com
1485,Kathleen,rqoeqdv,sqdyvli@gmail.com
1486,Lynda,mnfiwjx,dpfkhap@gmail.com
1487,Kay,kchmeis,jdzonkw@gmail.com
1488,Debbie,gehipcm,ubwlwlw@gmail.com
1489,Edward,fshifio,llpnswv@gmail.com
1490,Steve,tbooxkx,iygtfmc@gmail.com
1491,Velma,woydwry,axwdfun@gmail.com
1492,William,hsybrsq,jrpgsqw@gmail.com
1493,Lee,wgscztg,xajhtdn@gmail.com
1494,John,cuxukvs,alnqyil@gmail.com
1495,Dolly,kcymrsl,qukmbvt@gmail.com
1496,Bobby,bqlgdhm,mgkapnb@gmail.com
1497,Ka,cougrxs,fxbtnqi@gmail.com
1498,June,ixbzyjc,bzolkwa@gmail.com
1499,Wendy,ldfljua,hupiwqb@gmail.com
