GameName,PlayerID,AccID
Minecraft,0,0
Minecraft,1,1
League of Legends,2,2
League of Legends,3,3
Online Chess,4,4
Online Chess,5,5
Minecraft,6,6
Online Chess,7,7
Online Chess,8,8
League of Legends,9,9
League of Legends,10,10
Online Chess,11,11
Minecraft,12,12
League of Legends,13,13
League of Legends,14,14
Minecraft,15,15
Minecraft,16,16
League of Legends,17,17
League of Legends,18,18
League of Legends,19,19
League of Legends,20,20
Online Chess,21,21
Minecraft,22,22
Minecraft,23,23
Minecraft,24,24
League of Legends,25,25
Online Chess,26,26
Minecraft,27,27
Online Chess,28,28
Online Chess,29,29
Minecraft,30,30
League of Legends,31,31
League of Legends,32,32
Online Chess,33,33
League of Legends,34,34
League of Legends,35,35
Minecraft,36,36
Online Chess,37,37
League of Legends,38,38
Online Chess,39,39
Minecraft,40,40
Online Chess,41,41
Online Chess,42,42
Minecraft,43,43
Minecraft,44,44
Minecraft,45,45
League of Legends,46,46
League of Legends,47,47
League of Legends,48,48
Minecraft,49,49
League of Legends,50,50
Minecraft,51,51
League of Legends,52,52
Online Chess,53,53
Online Chess,54,54
Online Chess,55,55
Online Chess,56,56
Online Chess,57,57
Online Chess,58,58
Online Chess,59,59
Online Chess,60,60
League of Legends,61,61
League of Legends,62,62
League of Legends,63,63
League of Legends,64,64
League of Legends,65,65
League of Legends,66,66
Online Chess,67,67
League of Legends,68,68
Minecraft,69,69
League of Legends,70,70
Minecraft,71,71
League of Legends,72,72
League of Legends,73,73
Minecraft,74,74
Online Chess,75,75
Minecraft,76,76
League of Legends,77,77
Online Chess,78,78
Online Chess,79,79
Minecraft,80,80
League of Legends,81,81
Online Chess,82,82
League of Legends,83,83
League of Legends,84,84
League of Legends,85,85
Minecraft,86,86
Minecraft,87,87
Minecraft,88,88
Online Chess,89,89
League of Legends,90,90
Online Chess,91,91
League of Legends,92,92
Online Chess,93,93
Online Chess,94,94
Minecraft,95,95
Minecraft,96,96
Online Chess,97,97
Minecraft,98,98
Online Chess,99,99
Online Chess,100,100
League of Legends,101,101
League of Legends,102,102
Online Chess,103,103
Online Chess,104,104
Minecraft,105,105
League of Legends,106,106
League of Legends,107,107
Minecraft,108,108
League of Legends,109,109
Online Chess,110,110
Minecraft,111,111
Online Chess,112,112
Online Chess,113,113
League of Legends,114,114
Online Chess,115,115
Minecraft,116,116
League of Legends,117,117
Minecraft,118,118
League of Legends,119,119
Minecraft,120,120
Minecraft,121,121
League of Legends,122,122
League of Legends,123,123
Minecraft,124,124
Minecraft,125,125
League of Legends,126,126
Online Chess,127,127
Minecraft,128,128
Minecraft,129,129
Online Chess,130,130
Online Chess,131,131
League of Legends,132,132
Minecraft,133,133
Online Chess,134,134
Minecraft,135,135
League of Legends,136,136
League of Legends,137,137
League of Legends,138,138
Minecraft,139,139
League of Legends,140,140
Online Chess,141,141
Online Chess,142,142
Online Chess,143,143
Online Chess,144,144
Minecraft,145,145
Online Chess,146,146
League of Legends,147,147
League of Legends,148,148
Online Chess,149,149
Minecraft,150,150
League of Legends,151,151
Online Chess,152,152
League of Legends,153,153
Online Chess,154,154
Online Chess,155,155
Online Chess,156,156
League of Legends,157,157
League of Legends,158,158
Online Chess,159,159
League of Legends,160,160
Online Chess,161,161
League of Legends,162,162
Minecraft,163,163
League of Legends,164,164
Online Chess,165,165
League of Legends,166,166
Online Chess,167,167
Minecraft,168,168
Minecraft,169,169
Online Chess,170,170
League of Legends,171,171
Online Chess,172,172
Minecraft,173,173
League of Legends,174,174
Online Chess,175,175
League of Legends,176,176
League of Legends,177,177
Minecraft,178,178
Online Chess,179,179
Minecraft,180,180
Minecraft,181,181
Online Chess,182,182
Minecraft,183,183
Online Chess,184,184
Online Chess,185,185
League of Legends,186,186
Online Chess,187,187
Online Chess,188,188
League of Legends,189,189
League of Legends,190,190
Minecraft,191,191
Online Chess,192,192
Minecraft,193,193
Online Chess,194,194
Minecraft,195,195
Online Chess,196,196
Online Chess,197,197
Minecraft,198,198
Minecraft,199,199
Minecraft,200,200
League of Legends,201,201
League of Legends,202,202
Online Chess,203,203
League of Legends,204,204
League of Legends,205,205
Minecraft,206,206
Online Chess,207,207
Online Chess,208,208
Minecraft,209,209
League of Legends,210,210
Online Chess,211,211
Online Chess,212,212
League of Legends,213,213
League of Legends,214,214
Minecraft,215,215
Online Chess,216,216
League of Legends,217,217
Minecraft,218,218
League of Legends,219,219
Minecraft,220,220
Minecraft,221,221
Minecraft,222,222
League of Legends,223,223
Minecraft,224,224
Minecraft,225,225
Online Chess,226,226
Minecraft,227,227
League of Legends,228,228
League of Legends,229,229
Minecraft,230,230
Minecraft,231,231
League of Legends,232,232
Minecraft,233,233
Online Chess,234,234
League of Legends,235,235
League of Legends,236,236
League of Legends,237,237
Online Chess,238,238
League of Legends,239,239
Minecraft,240,240
League of Legends,241,241
League of Legends,242,242
League of Legends,243,243
Minecraft,244,244
League of Legends,245,245
Minecraft,246,246
Online Chess,247,247
League of Legends,248,248
Minecraft,249,249
League of Legends,250,250
League of Legends,251,251
League of Legends,252,252
Minecraft,253,253
Online Chess,254,254
Minecraft,255,255
League of Legends,256,256
Minecraft,257,257
Online Chess,258,258
Minecraft,259,259
League of Legends,260,260
Online Chess,261,261
Online Chess,262,262
Minecraft,263,263
League of Legends,264,264
League of Legends,265,265
Minecraft,266,266
League of Legends,267,267
Minecraft,268,268
Online Chess,269,269
Minecraft,270,270
League of Legends,271,271
League of Legends,272,272
Minecraft,273,273
League of Legends,274,274
Online Chess,275,275
League of Legends,276,276
Minecraft,277,277
Minecraft,278,278
League of Legends,279,279
Minecraft,280,280
Online Chess,281,281
League of Legends,282,282
League of Legends,283,283
Online Chess,284,284
Minecraft,285,285
League of Legends,286,286
Online Chess,287,287
Minecraft,288,288
Minecraft,289,289
Minecraft,290,290
League of Legends,291,291
Online Chess,292,292
League of Legends,293,293
Minecraft,294,294
Minecraft,295,295
Minecraft,296,296
Minecraft,297,297
League of Legends,298,298
League of Legends,299,299
League of Legends,300,300
League of Legends,301,301
Online Chess,302,302
Online Chess,303,303
Minecraft,304,304
League of Legends,305,305
Online Chess,306,306
League of Legends,307,307
Minecraft,308,308
Online Chess,309,309
League of Legends,310,310
Online Chess,311,311
League of Legends,312,312
Minecraft,313,313
Online Chess,314,314
Minecraft,315,315
Online Chess,316,316
Minecraft,317,317
Minecraft,318,318
Online Chess,319,319
Online Chess,320,320
Minecraft,321,321
Online Chess,322,322
Minecraft,323,323
Online Chess,324,324
League of Legends,325,325
League of Legends,326,326
League of Legends,327,327
Minecraft,328,328
League of Legends,329,329
Online Chess,330,330
Online Chess,331,331
Online Chess,332,332
Online Chess,333,333
Online Chess,334,334
League of Legends,335,335
Online Chess,336,336
League of Legends,337,337
Online Chess,338,338
Minecraft,339,339
Minecraft,340,340
Minecraft,341,341
Online Chess,342,342
Minecraft,343,343
Minecraft,344,344
League of Legends,345,345
Minecraft,346,346
League of Legends,347,347
Minecraft,348,348
League of Legends,349,349
Online Chess,350,350
League of Legends,351,351
Online Chess,352,352
Online Chess,353,353
League of Legends,354,354
Minecraft,355,355
Online Chess,356,356
Online Chess,357,357
League of Legends,358,358
Online Chess,359,359
Online Chess,360,360
Online Chess,361,361
League of Legends,362,362
League of Legends,363,363
League of Legends,364,364
Online Chess,365,365
Minecraft,366,366
League of Legends,367,367
Minecraft,368,368
Online Chess,369,369
Minecraft,370,370
Minecraft,371,371
League of Legends,372,372
Online Chess,373,373
Online Chess,374,374
Online Chess,375,375
Minecraft,376,376
Online Chess,377,377
Minecraft,378,378
Online Chess,379,379
Online Chess,380,380
Online Chess,381,381
Online Chess,382,382
League of Legends,383,383
League of Legends,384,384
Minecraft,385,385
Minecraft,386,386
League of Legends,387,387
Online Chess,388,388
Online Chess,389,389
Minecraft,390,390
League of Legends,391,391
League of Legends,392,392
Minecraft,393,393
Online Chess,394,394
Minecraft,395,395
Online Chess,396,396
Minecraft,397,397
League of Legends,398,398
Minecraft,399,399
Online Chess,400,400
League of Legends,401,401
Online Chess,402,402
Minecraft,403,403
League of Legends,404,404
League of Legends,405,405
Minecraft,406,406
League of Legends,407,407
League of Legends,408,408
Online Chess,409,409
Online Chess,410,410
League of Legends,411,411
League of Legends,412,412
League of Legends,413,413
League of Legends,414,414
Online Chess,415,415
Minecraft,416,416
Online Chess,417,417
Minecraft,418,418
Online Chess,419,419
League of Legends,420,420
Minecraft,421,421
Minecraft,422,422
Online Chess,423,423
League of Legends,424,424
League of Legends,425,425
Online Chess,426,426
Online Chess,427,427
League of Legends,428,428
League of Legends,429,429
League of Legends,430,430
League of Legends,431,431
Online Chess,432,432
Online Chess,433,433
League of Legends,434,434
League of Legends,435,435
League of Legends,436,436
Online Chess,437,437
Online Chess,438,438
Minecraft,439,439
Minecraft,440,440
League of Legends,441,441
Minecraft,442,442
League of Legends,443,443
Online Chess,444,444
Online Chess,445,445
League of Legends,446,446
Online Chess,447,447
League of Legends,448,448
League of Legends,449,449
Minecraft,450,450
Minecraft,451,451
League of Legends,452,452
Online Chess,453,453
League of Legends,454,454
Minecraft,455,455
Minecraft,456,456
League of Legends,457,457
Online Chess,458,458
League of Legends,459,459
League of Legends,460,460
Online Chess,461,461
Online Chess,462,462
Online Chess,463,463
Online Chess,464,464
Online Chess,465,465
Minecraft,466,466
League of Legends,467,467
Minecraft,468,468
Online Chess,469,469
Minecraft,470,470
Online Chess,471,471
League of Legends,472,472
Minecraft,473,473
Minecraft,474,474
League of Legends,475,475
League of Legends,476,476
League of Legends,477,477
Minecraft,478,478
League of Legends,479,479
Minecraft,480,480
League of Legends,481,481
League of Legends,482,482
League of Legends,483,483
Minecraft,484,484
Minecraft,485,485
Minecraft,486,486
Online Chess,487,487
League of Legends,488,488
Minecraft,489,489
Minecraft,490,490
League of Legends,491,491
Minecraft,492,492
Minecraft,493,493
Online Chess,494,494
League of Legends,495,495
League of Legends,496,496
Online Chess,497,497
Minecraft,498,498
League of Legends,499,499
Minecraft,500,500
League of Legends,501,501
League of Legends,502,502
Online Chess,503,503
Minecraft,504,504
League of Legends,505,505
Online Chess,506,506
Online Chess,507,507
League of Legends,508,508
Online Chess,509,509
League of Legends,510,510
Online Chess,511,511
Online Chess,512,512
Online Chess,513,513
League of Legends,514,514
League of Legends,515,515
League of Legends,516,516
Minecraft,517,517
League of Legends,518,518
League of Legends,519,519
Online Chess,520,520
League of Legends,521,521
League of Legends,522,522
Minecraft,523,523
League of Legends,524,524
Minecraft,525,525
Minecraft,526,526
Online Chess,527,527
Online Chess,528,528
League of Legends,529,529
Minecraft,530,530
Online Chess,531,531
League of Legends,532,532
Minecraft,533,533
League of Legends,534,534
League of Legends,535,535
Online Chess,536,536
Minecraft,537,537
League of Legends,538,538
Online Chess,539,539
League of Legends,540,540
Minecraft,541,541
Online Chess,542,542
Online Chess,543,543
Minecraft,544,544
League of Legends,545,545
League of Legends,546,546
Minecraft,547,547
League of Legends,548,548
Minecraft,549,549
League of Legends,550,550
League of Legends,551,551
League of Legends,552,552
League of Legends,553,553
Online Chess,554,554
Online Chess,555,555
League of Legends,556,556
Online Chess,557,557
Minecraft,558,558
Online Chess,559,559
Online Chess,560,560
League of Legends,561,561
Online Chess,562,562
Minecraft,563,563
League of Legends,564,564
League of Legends,565,565
Minecraft,566,566
Online Chess,567,567
Minecraft,568,568
Minecraft,569,569
Online Chess,570,570
League of Legends,571,571
League of Legends,572,572
League of Legends,573,573
Minecraft,574,574
League of Legends,575,575
League of Legends,576,576
Online Chess,577,577
League of Legends,578,578
Online Chess,579,579
Minecraft,580,580
League of Legends,581,581
Minecraft,582,582
Online Chess,583,583
Online Chess,584,584
Online Chess,585,585
Minecraft,586,586
League of Legends,587,587
Online Chess,588,588
Online Chess,589,589
Online Chess,590,590
League of Legends,591,591
Minecraft,592,592
Minecraft,593,593
Minecraft,594,594
Online Chess,595,595
Online Chess,596,596
Online Chess,597,597
League of Legends,598,598
Minecraft,599,599
League of Legends,600,600
League of Legends,601,601
Online Chess,602,602
Minecraft,603,603
Online Chess,604,604
Minecraft,605,605
Minecraft,606,606
Minecraft,607,607
Online Chess,608,608
Online Chess,609,609
Online Chess,610,610
League of Legends,611,611
League of Legends,612,612
Minecraft,613,613
League of Legends,614,614
Online Chess,615,615
League of Legends,616,616
Minecraft,617,617
Online Chess,618,618
Minecraft,619,619
Minecraft,620,620
League of Legends,621,621
Online Chess,622,622
Online Chess,623,623
Minecraft,624,624
League of Legends,625,625
Minecraft,626,626
League of Legends,627,627
League of Legends,628,628
Online Chess,629,629
League of Legends,630,630
Online Chess,631,631
Minecraft,632,632
Minecraft,633,633
League of Legends,634,634
League of Legends,635,635
League of Legends,636,636
League of Legends,637,637
League of Legends,638,638
League of Legends,639,639
Minecraft,640,640
Minecraft,641,641
Online Chess,642,642
League of Legends,643,643
Online Chess,644,644
League of Legends,645,645
Online Chess,646,646
Minecraft,647,647
Minecraft,648,648
League of Legends,649,649
Minecraft,650,650
Minecraft,651,651
League of Legends,652,652
Online Chess,653,653
Minecraft,654,654
Online Chess,655,655
Online Chess,656,656
Minecraft,657,657
League of Legends,658,658
Online Chess,659,659
Minecraft,660,660
League of Legends,661,661
League of Legends,662,662
Online Chess,663,663
Online Chess,664,664
Minecraft,665,665
Online Chess,666,666
League of Legends,667,667
Online Chess,668,668
Minecraft,669,669
League of Legends,670,670
Minecraft,671,671
Minecraft,672,672
Minecraft,673,673
Online Chess,674,674
League of Legends,675,675
League of Legends,676,676
League of Legends,677,677
Minecraft,678,678
Online Chess,679,679
Online Chess,680,680
Minecraft,681,681
Minecraft,682,682
Minecraft,683,683
League of Legends,684,684
Minecraft,685,685
League of Legends,686,686
League of Legends,687,687
League of Legends,688,688
League of Legends,689,689
Minecraft,690,690
Minecraft,691,691
Online Chess,692,692
League of Legends,693,693
Online Chess,694,694
League of Legends,695,695
League of Legends,696,696
Online Chess,697,697
Online Chess,698,698
Minecraft,699,699
League of Legends,700,700
League of Legends,701,701
League of Legends,702,702
Online Chess,703,703
League of Legends,704,704
Online Chess,705,705
Minecraft,706,706
Minecraft,707,707
Online Chess,708,708
League of Legends,709,709
Online Chess,710,710
Online Chess,711,711
Online Chess,712,712
Minecraft,713,713
League of Legends,714,714
Online Chess,715,715
Minecraft,716,716
League of Legends,717,717
League of Legends,718,718
League of Legends,719,719
League of Legends,720,720
Online Chess,721,721
League of Legends,722,722
Minecraft,723,723
Online Chess,724,724
Minecraft,725,725
Online Chess,726,726
League of Legends,727,727
Online Chess,728,728
Minecraft,729,729
Online Chess,730,730
League of Legends,731,731
Online Chess,732,732
Minecraft,733,733
League of Legends,734,734
Online Chess,735,735
Online Chess,736,736
Minecraft,737,737
Minecraft,738,738
Online Chess,739,739
Minecraft,740,740
Online Chess,741,741
League of Legends,742,742
League of Legends,743,743
Online Chess,744,744
Online Chess,745,745
League of Legends,746,746
Online Chess,747,747
Online Chess,748,748
Minecraft,749,749
Online Chess,750,750
League of Legends,751,751
Minecraft,752,752
League of Legends,753,753
Minecraft,754,754
Minecraft,755,755
Online Chess,756,756
Minecraft,757,757
Online Chess,758,758
League of Legends,759,759
Online Chess,760,760
Online Chess,761,761
Online Chess,762,762
Minecraft,763,763
Online Chess,764,764
Online Chess,765,765
Online Chess,766,766
Minecraft,767,767
Online Chess,768,768
League of Legends,769,769
League of Legends,770,770
League of Legends,771,771
Online Chess,772,772
Online Chess,773,773
Online Chess,774,774
League of Legends,775,775
Online Chess,776,776
Online Chess,777,777
Minecraft,778,778
Online Chess,779,779
Minecraft,780,780
League of Legends,781,781
Minecraft,782,782
League of Legends,783,783
Minecraft,784,784
League of Legends,785,785
League of Legends,786,786
League of Legends,787,787
League of Legends,788,788
League of Legends,789,789
League of Legends,790,790
Online Chess,791,791
Minecraft,792,792
Minecraft,793,793
League of Legends,794,794
Minecraft,795,795
League of Legends,796,796
League of Legends,797,797
League of Legends,798,798
Minecraft,799,799
Online Chess,800,800
League of Legends,801,801
Online Chess,802,802
Online Chess,803,803
Minecraft,804,804
Minecraft,805,805
Minecraft,806,806
League of Legends,807,807
League of Legends,808,808
Online Chess,809,809
Online Chess,810,810
Minecraft,811,811
League of Legends,812,812
Online Chess,813,813
Minecraft,814,814
League of Legends,815,815
League of Legends,816,816
Minecraft,817,817
League of Legends,818,818
League of Legends,819,819
Minecraft,820,820
Online Chess,821,821
Online Chess,822,822
Online Chess,823,823
League of Legends,824,824
Minecraft,825,825
Minecraft,826,826
Online Chess,827,827
Minecraft,828,828
Minecraft,829,829
Minecraft,830,830
League of Legends,831,831
Minecraft,832,832
Minecraft,833,833
Online Chess,834,834
Minecraft,835,835
League of Legends,836,836
Online Chess,837,837
Minecraft,838,838
Online Chess,839,839
Online Chess,840,840
Online Chess,841,841
Online Chess,842,842
League of Legends,843,843
Online Chess,844,844
Minecraft,845,845
Minecraft,846,846
League of Legends,847,847
Minecraft,848,848
League of Legends,849,849
League of Legends,850,850
League of Legends,851,851
League of Legends,852,852
League of Legends,853,853
Online Chess,854,854
Online Chess,855,855
League of Legends,856,856
League of Legends,857,857
League of Legends,858,858
Online Chess,859,859
Minecraft,860,860
League of Legends,861,861
Minecraft,862,862
Minecraft,863,863
Minecraft,864,864
Minecraft,865,865
Minecraft,866,866
League of Legends,867,867
Online Chess,868,868
League of Legends,869,869
Minecraft,870,870
League of Legends,871,871
Online Chess,872,872
Online Chess,873,873
Minecraft,874,874
Online Chess,875,875
Minecraft,876,876
Online Chess,877,877
Minecraft,878,878
Minecraft,879,879
Minecraft,880,880
Minecraft,881,881
Online Chess,882,882
League of Legends,883,883
Online Chess,884,884
Online Chess,885,885
League of Legends,886,886
Online Chess,887,887
League of Legends,888,888
League of Legends,889,889
Online Chess,890,890
Online Chess,891,891
League of Legends,892,892
Minecraft,893,893
Online Chess,894,894
League of Legends,895,895
Minecraft,896,896
Minecraft,897,897
Online Chess,898,898
League of Legends,899,899
Minecraft,900,900
Online Chess,901,901
Online Chess,902,902
Online Chess,903,903
Online Chess,904,904
Minecraft,905,905
Online Chess,906,906
League of Legends,907,907
Online Chess,908,908
Online Chess,909,909
League of Legends,910,910
Online Chess,911,911
League of Legends,912,912
League of Legends,913,913
Minecraft,914,914
Minecraft,915,915
Online Chess,916,916
League of Legends,917,917
Online Chess,918,918
Minecraft,919,919
Online Chess,920,920
Online Chess,921,921
Online Chess,922,922
Minecraft,923,923
Minecraft,924,924
League of Legends,925,925
Minecraft,926,926
League of Legends,927,927
Minecraft,928,928
Minecraft,929,929
Online Chess,930,930
Minecraft,931,931
League of Legends,932,932
Online Chess,933,933
Minecraft,934,934
Online Chess,935,935
Minecraft,936,936
Online Chess,937,937
Minecraft,938,938
Online Chess,939,939
League of Legends,940,940
League of Legends,941,941
League of Legends,942,942
League of Legends,943,943
Minecraft,944,944
Online Chess,945,945
Online Chess,946,946
League of Legends,947,947
League of Legends,948,948
Minecraft,949,949
League of Legends,950,950
Minecraft,951,951
Minecraft,952,952
Minecraft,953,953
Minecraft,954,954
Online Chess,955,955
Minecraft,956,956
Online Chess,957,957
League of Legends,958,958
Minecraft,959,959
Online Chess,960,960
Minecraft,961,961
Minecraft,962,962
Online Chess,963,963
Minecraft,964,964
Online Chess,965,965
League of Legends,966,966
Minecraft,967,967
Online Chess,968,968
League of Legends,969,969
League of Legends,970,970
Minecraft,971,971
Minecraft,972,972
Minecraft,973,973
Online Chess,974,974
Minecraft,975,975
League of Legends,976,976
Minecraft,977,977
League of Legends,978,978
Minecraft,979,979
Online Chess,980,980
Minecraft,981,981
Online Chess,982,982
League of Legends,983,983
League of Legends,984,984
Online Chess,985,985
Online Chess,986,986
Online Chess,987,987
Minecraft,988,988
Minecraft,989,989
Minecraft,990,990
League of Legends,991,991
Online Chess,992,992
League of Legends,993,993
Minecraft,994,994
League of Legends,995,995
Minecraft,996,996
Minecraft,997,997
Minecraft,998,998
League of Legends,999,999
Minecraft,1000,1000
Online Chess,1001,1001
Minecraft,1002,1002
League of Legends,1003,1003
League of Legends,1004,1004
Minecraft,1005,1005
League of Legends,1006,1006
Online Chess,1007,1007
Minecraft,1008,1008
League of Legends,1009,1009
Online Chess,1010,1010
Minecraft,1011,1011
Online Chess,1012,1012
Minecraft,1013,1013
Minecraft,1014,1014
Online Chess,1015,1015
League of Legends,1016,1016
League of Legends,1017,1017
Online Chess,1018,1018
League of Legends,1019,1019
League of Legends,1020,1020
Online Chess,1021,1021
Online Chess,1022,1022
Online Chess,1023,1023
Online Chess,1024,1024
Minecraft,1025,1025
League of Legends,1026,1026
Minecraft,1027,1027
Minecraft,1028,1028
Online Chess,1029,1029
Online Chess,1030,1030
League of Legends,1031,1031
Online Chess,1032,1032
League of Legends,1033,1033
Online Chess,1034,1034
Online Chess,1035,1035
League of Legends,1036,1036
League of Legends,1037,1037
Minecraft,1038,1038
Minecraft,1039,1039
Online Chess,1040,1040
League of Legends,1041,1041
Minecraft,1042,1042
Online Chess,1043,1043
League of Legends,1044,1044
Online Chess,1045,1045
Online Chess,1046,1046
League of Legends,1047,1047
League of Legends,1048,1048
Minecraft,1049,1049
League of Legends,1050,1050
Online Chess,1051,1051
League of Legends,1052,1052
Minecraft,1053,1053
League of Legends,1054,1054
Online Chess,1055,1055
League of Legends,1056,1056
Minecraft,1057,1057
Online Chess,1058,1058
Minecraft,1059,1059
League of Legends,1060,1060
Online Chess,1061,1061
Online Chess,1062,1062
Online Chess,1063,1063
Online Chess,1064,1064
League of Legends,1065,1065
Minecraft,1066,1066
League of Legends,1067,1067
Minecraft,1068,1068
Minecraft,1069,1069
League of Legends,1070,1070
Online Chess,1071,1071
Online Chess,1072,1072
Online Chess,1073,1073
League of Legends,1074,1074
Online Chess,1075,1075
Minecraft,1076,1076
League of Legends,1077,1077
League of Legends,1078,1078
League of Legends,1079,1079
Online Chess,1080,1080
Online Chess,1081,1081
Online Chess,1082,1082
Minecraft,1083,1083
League of Legends,1084,1084
Minecraft,1085,1085
Minecraft,1086,1086
League of Legends,1087,1087
League of Legends,1088,1088
Online Chess,1089,1089
Online Chess,1090,1090
League of Legends,1091,1091
Online Chess,1092,1092
League of Legends,1093,1093
Online Chess,1094,1094
Online Chess,1095,1095
League of Legends,1096,1096
Online Chess,1097,1097
Online Chess,1098,1098
Online Chess,1099,1099
Online Chess,1100,1100
League of Legends,1101,1101
League of Legends,1102,1102
Minecraft,1103,1103
Online Chess,1104,1104
League of Legends,1105,1105
Online Chess,1106,1106
Minecraft,1107,1107
Minecraft,1108,1108
League of Legends,1109,1109
Online Chess,1110,1110
Minecraft,1111,1111
Minecraft,1112,1112
League of Legends,1113,1113
League of Legends,1114,1114
Online Chess,1115,1115
Minecraft,1116,1116
League of Legends,1117,1117
Online Chess,1118,1118
League of Legends,1119,1119
League of Legends,1120,1120
League of Legends,1121,1121
League of Legends,1122,1122
League of Legends,1123,1123
Minecraft,1124,1124
Online Chess,1125,1125
Online Chess,1126,1126
League of Legends,1127,1127
League of Legends,1128,1128
League of Legends,1129,1129
Online Chess,1130,1130
Online Chess,1131,1131
Minecraft,1132,1132
League of Legends,1133,1133
League of Legends,1134,1134
Minecraft,1135,1135
Minecraft,1136,1136
Online Chess,1137,1137
Minecraft,1138,1138
League of Legends,1139,1139
Online Chess,1140,1140
Minecraft,1141,1141
League of Legends,1142,1142
Minecraft,1143,1143
Minecraft,1144,1144
Minecraft,1145,1145
League of Legends,1146,1146
League of Legends,1147,1147
Minecraft,1148,1148
Minecraft,1149,1149
Minecraft,1150,1150
Minecraft,1151,1151
Online Chess,1152,1152
Online Chess,1153,1153
Minecraft,1154,1154
League of Legends,1155,1155
Minecraft,1156,1156
League of Legends,1157,1157
Minecraft,1158,1158
League of Legends,1159,1159
League of Legends,1160,1160
Minecraft,1161,1161
Online Chess,1162,1162
League of Legends,1163,1163
Online Chess,1164,1164
Minecraft,1165,1165
Minecraft,1166,1166
Minecraft,1167,1167
League of Legends,1168,1168
Minecraft,1169,1169
League of Legends,1170,1170
Online Chess,1171,1171
Online Chess,1172,1172
Minecraft,1173,1173
League of Legends,1174,1174
Online Chess,1175,1175
Minecraft,1176,1176
League of Legends,1177,1177
Minecraft,1178,1178
Minecraft,1179,1179
Minecraft,1180,1180
League of Legends,1181,1181
League of Legends,1182,1182
Online Chess,1183,1183
League of Legends,1184,1184
Online Chess,1185,1185
League of Legends,1186,1186
Minecraft,1187,1187
League of Legends,1188,1188
League of Legends,1189,1189
Online Chess,1190,1190
Minecraft,1191,1191
League of Legends,1192,1192
Minecraft,1193,1193
Online Chess,1194,1194
Minecraft,1195,1195
Online Chess,1196,1196
League of Legends,1197,1197
League of Legends,1198,1198
Minecraft,1199,1199
Online Chess,1200,1200
Minecraft,1201,1201
Minecraft,1202,1202
Minecraft,1203,1203
Minecraft,1204,1204
League of Legends,1205,1205
League of Legends,1206,1206
Online Chess,1207,1207
Minecraft,1208,1208
League of Legends,1209,1209
League of Legends,1210,1210
Online Chess,1211,1211
League of Legends,1212,1212
Online Chess,1213,1213
Minecraft,1214,1214
Online Chess,1215,1215
Online Chess,1216,1216
Online Chess,1217,1217
Minecraft,1218,1218
Online Chess,1219,1219
Minecraft,1220,1220
Minecraft,1221,1221
Online Chess,1222,1222
Minecraft,1223,1223
Minecraft,1224,1224
Minecraft,1225,1225
Minecraft,1226,1226
Online Chess,1227,1227
Minecraft,1228,1228
Minecraft,1229,1229
Online Chess,1230,1230
League of Legends,1231,1231
League of Legends,1232,1232
Online Chess,1233,1233
League of Legends,1234,1234
League of Legends,1235,1235
Online Chess,1236,1236
Minecraft,1237,1237
League of Legends,1238,1238
Online Chess,1239,1239
Minecraft,1240,1240
Minecraft,1241,1241
League of Legends,1242,1242
League of Legends,1243,1243
Minecraft,1244,1244
Minecraft,1245,1245
League of Legends,1246,1246
Minecraft,1247,1247
League of Legends,1248,1248
League of Legends,1249,1249
Minecraft,1250,1250
League of Legends,1251,1251
Minecraft,1252,1252
League of Legends,1253,1253
Online Chess,1254,1254
Minecraft,1255,1255
Minecraft,1256,1256
League of Legends,1257,1257
League of Legends,1258,1258
Online Chess,1259,1259
League of Legends,1260,1260
Online Chess,1261,1261
Online Chess,1262,1262
League of Legends,1263,1263
Minecraft,1264,1264
League of Legends,1265,1265
League of Legends,1266,1266
Online Chess,1267,1267
Minecraft,1268,1268
Online Chess,1269,1269
Online Chess,1270,1270
Online Chess,1271,1271
Minecraft,1272,1272
Minecraft,1273,1273
Minecraft,1274,1274
League of Legends,1275,1275
League of Legends,1276,1276
League of Legends,1277,1277
League of Legends,1278,1278
League of Legends,1279,1279
League of Legends,1280,1280
Online Chess,1281,1281
Online Chess,1282,1282
Online Chess,1283,1283
Minecraft,1284,1284
Minecraft,1285,1285
Minecraft,1286,1286
League of Legends,1287,1287
Online Chess,1288,1288
Minecraft,1289,1289
Online Chess,1290,1290
Minecraft,1291,1291
League of Legends,1292,1292
Online Chess,1293,1293
Minecraft,1294,1294
Online Chess,1295,1295
League of Legends,1296,1296
Minecraft,1297,1297
Minecraft,1298,1298
Online Chess,1299,1299
Minecraft,1300,1300
League of Legends,1301,1301
Online Chess,1302,1302
League of Legends,1303,1303
Minecraft,1304,1304
Minecraft,1305,1305
Minecraft,1306,1306
Online Chess,1307,1307
League of Legends,1308,1308
Online Chess,1309,1309
League of Legends,1310,1310
League of Legends,1311,1311
Minecraft,1312,1312
Online Chess,1313,1313
League of Legends,1314,1314
Minecraft,1315,1315
League of Legends,1316,1316
Online Chess,1317,1317
League of Legends,1318,1318
Online Chess,1319,1319
Online Chess,1320,1320
Online Chess,1321,1321
League of Legends,1322,1322
Online Chess,1323,1323
Minecraft,1324,1324
Minecraft,1325,1325
Minecraft,1326,1326
Minecraft,1327,1327
Online Chess,1328,1328
Online Chess,1329,1329
Online Chess,1330,1330
League of Legends,1331,1331
Minecraft,1332,1332
Minecraft,1333,1333
Online Chess,1334,1334
League of Legends,1335,1335
Online Chess,1336,1336
Online Chess,1337,1337
Minecraft,1338,1338
Minecraft,1339,1339
Online Chess,1340,1340
Online Chess,1341,1341
Minecraft,1342,1342
Minecraft,1343,1343
Online Chess,1344,1344
Online Chess,1345,1345
Online Chess,1346,1346
Online Chess,1347,1347
Minecraft,1348,1348
Minecraft,1349,1349
Minecraft,1350,1350
Minecraft,1351,1351
Minecraft,1352,1352
Online Chess,1353,1353
Minecraft,1354,1354
League of Legends,1355,1355
Online Chess,1356,1356
League of Legends,1357,1357
Online Chess,1358,1358
Online Chess,1359,1359
League of Legends,1360,1360
League of Legends,1361,1361
Minecraft,1362,1362
League of Legends,1363,1363
League of Legends,1364,1364
Minecraft,1365,1365
Minecraft,1366,1366
Minecraft,1367,1367
League of Legends,1368,1368
Minecraft,1369,1369
League of Legends,1370,1370
League of Legends,1371,1371
Online Chess,1372,1372
Minecraft,1373,1373
League of Legends,1374,1374
Online Chess,1375,1375
League of Legends,1376,1376
Online Chess,1377,1377
Minecraft,1378,1378
Online Chess,1379,1379
Minecraft,1380,1380
League of Legends,1381,1381
Online Chess,1382,1382
Online Chess,1383,1383
League of Legends,1384,1384
Minecraft,1385,1385
Minecraft,1386,1386
Online Chess,1387,1387
Online Chess,1388,1388
Online Chess,1389,1389
Minecraft,1390,1390
Minecraft,1391,1391
Online Chess,1392,1392
Online Chess,1393,1393
Online Chess,1394,1394
Minecraft,1395,1395
Minecraft,1396,1396
Minecraft,1397,1397
League of Legends,1398,1398
Minecraft,1399,1399
League of Legends,1400,1400
Online Chess,1401,1401
Online Chess,1402,1402
League of Legends,1403,1403
Online Chess,1404,1404
Minecraft,1405,1405
Minecraft,1406,1406
Online Chess,1407,1407
Minecraft,1408,1408
Minecraft,1409,1409
League of Legends,1410,1410
Minecraft,1411,1411
League of Legends,1412,1412
League of Legends,1413,1413
Minecraft,1414,1414
League of Legends,1415,1415
Minecraft,1416,1416
League of Legends,1417,1417
Online Chess,1418,1418
League of Legends,1419,1419
League of Legends,1420,1420
League of Legends,1421,1421
Online Chess,1422,1422
Minecraft,1423,1423
League of Legends,1424,1424
Minecraft,1425,1425
Minecraft,1426,1426
Online Chess,1427,1427
Online Chess,1428,1428
Minecraft,1429,1429
Online Chess,1430,1430
Minecraft,1431,1431
League of Legends,1432,1432
League of Legends,1433,1433
Minecraft,1434,1434
Online Chess,1435,1435
Online Chess,1436,1436
League of Legends,1437,1437
League of Legends,1438,1438
Minecraft,1439,1439
Minecraft,1440,1440
Minecraft,1441,1441
Minecraft,1442,1442
Online Chess,1443,1443
League of Legends,1444,1444
League of Legends,1445,1445
Online Chess,1446,1446
League of Legends,1447,1447
League of Legends,1448,1448
League of Legends,1449,1449
League of Legends,1450,1450
League of Legends,1451,1451
League of Legends,1452,1452
Minecraft,1453,1453
League of Legends,1454,1454
Minecraft,1455,1455
Online Chess,1456,1456
Minecraft,1457,1457
Minecraft,1458,1458
Minecraft,1459,1459
Online Chess,1460,1460
Online Chess,1461,1461
Minecraft,1462,1462
Minecraft,1463,1463
League of Legends,1464,1464
Minecraft,1465,1465
Minecraft,1466,1466
League of Legends,1467,1467
Online Chess,1468,1468
Minecraft,1469,1469
League of Legends,1470,1470
League of Legends,1471,1471
Online Chess,1472,1472
Minecraft,1473,1473
Minecraft,1474,1474
League of Legends,1475,1475
Minecraft,1476,1476
League of Legends,1477,1477
Online Chess,1478,1478
Online Chess,1479,1479
Minecraft,1480,1480
Online Chess,1481,1481
League of Legends,1482,1482
League of Legends,1483,1483
Online Chess,1484,1484
League of Legends,1485,1485
League of Legends,1486,1486
Online Chess,1487,1487
Online Chess,1488,1488
League of Legends,1489,1489
Minecraft,1490,1490
League of Legends,1491,1491
Online Chess,1492,1492
League of Legends,1493,1493
League of Legends,1494,1494
Minecraft,1495,1495
League of Legends,1496,1496
Online Chess,1497,1497
League of Legends,1498,1498
League of Legends,1499,1499
